pdf_url,status,reason,source_file
https://www.indiacode.nic.in/repealedfileopen?rfilename=A1849-4.pdf,404,HTTP error,merged_links_indiaCode.csv
https://www.indiacode.nic.in/repealedfileopen?rfilename=A1866-4.pdf,404,HTTP error,merged_links_indiaCode.csv
https://www.indiacode.nic.in/repealedfileopen?rfilename=A1866-5.pdf,404,HTTP error,merged_links_indiaCode.csv
https://www.indiacode.nic.in/repealedfileopen?rfilename=A1867-9.pdf,404,HTTP error,merged_links_indiaCode.csv
https://www.indiacode.nic.in/repealedfileopen?rfilename=A1868-24.pdf,404,HTTP error,merged_links_indiaCode.csv
https://www.indiacode.nic.in/repealedfileopen?rfilename=A1868-25.pdf,404,HTTP error,merged_links_indiaCode.csv
https://www.indiacode.nic.in/repealedfileopen?rfilename=A1869-08.pdf,404,HTTP error,merged_links_indiaCode.csv
https://www.indiacode.nic.in/repealedfileopen?rfilename=A1869-21.pdf,404,HTTP error,merged_links_indiaCode.csv
https://www.indiacode.nic.in/repealedfileopen?rfilename=A1870-20.pdf,404,HTTP error,merged_links_indiaCode.csv
https://www.indiacode.nic.in/repealedfileopen?rfilename=A1878-8.pdf,404,HTTP error,merged_links_indiaCode.csv
https://www.indiacode.nic.in/repealedfileopen?rfilename=A1899-1.pdf,404,HTTP error,merged_links_indiaCode.csv
https://www.indiacode.nic.in/repealedfileopen?rfilename=A1924-3.pdf,404,HTTP error,merged_links_indiaCode.csv
https://www.indiacode.nic.in/repealedfileopen?rfilename=A1933-22.pdf,404,HTTP error,merged_links_indiaCode.csv
https://www.indiacode.nic.in/repealedfileopen?rfilename=A1940-star.pdf,404,HTTP error,merged_links_indiaCode.csv
https://www.indiacode.nic.in/repealedfileopen?rfilename=A1941-11.pdf,404,HTTP error,merged_links_indiaCode.csv
https://www.indiacode.nic.in/repealedfileopen?rfilename=A1941-12.pdf,404,HTTP error,merged_links_indiaCode.csv
https://www.indiacode.nic.in/repealedfileopen?rfilename=A1942-13.pdf,404,HTTP error,merged_links_indiaCode.csv
https://www.indiacode.nic.in/repealedfileopen?rfilename=A1943-1.pdf,404,HTTP error,merged_links_indiaCode.csv
https://www.indiacode.nic.in/repealedfileopen?rfilename=A1943-2.pdf,404,HTTP error,merged_links_indiaCode.csv
https://www.indiacode.nic.in/repealedfileopen?rfilename=A1943-3.pdf,404,HTTP error,merged_links_indiaCode.csv
https://www.indiacode.nic.in/repealedfileopen?rfilename=A1943-4.pdf,404,HTTP error,merged_links_indiaCode.csv
https://www.indiacode.nic.in/repealedfileopen?rfilename=A1943-5.pdf,404,HTTP error,merged_links_indiaCode.csv
https://www.indiacode.nic.in/repealedfileopen?rfilename=A1943-6.pdf,404,HTTP error,merged_links_indiaCode.csv
https://www.indiacode.nic.in/repealedfileopen?rfilename=A1943-7.pdf,404,HTTP error,merged_links_indiaCode.csv
https://www.indiacode.nic.in/repealedfileopen?rfilename=A1943-12.pdf,404,HTTP error,merged_links_indiaCode.csv
https://www.indiacode.nic.in/repealedfileopen?rfilename=A1943-15.pdf,404,HTTP error,merged_links_indiaCode.csv
https://www.indiacode.nic.in/repealedfileopen?rfilename=A1943-16.pdf,404,HTTP error,merged_links_indiaCode.csv
https://www.indiacode.nic.in/repealedfileopen?rfilename=A1943-17.pdf,404,HTTP error,merged_links_indiaCode.csv
https://www.indiacode.nic.in/repealedfileopen?rfilename=A1943-18.pdf,404,HTTP error,merged_links_indiaCode.csv
https://www.indiacode.nic.in/repealedfileopen?rfilename=A1943-19.pdf,404,HTTP error,merged_links_indiaCode.csv
https://www.indiacode.nic.in/repealedfileopen?rfilename=A1943-20.pdf,404,HTTP error,merged_links_indiaCode.csv
https://www.indiacode.nic.in/repealedfileopen?rfilename=A1943-21.pdf,404,HTTP error,merged_links_indiaCode.csv
https://www.indiacode.nic.in/repealedfileopen?rfilename=A1943-22.pdf,404,HTTP error,merged_links_indiaCode.csv
https://www.indiacode.nic.in/repealedfileopen?rfilename=A1943-24.pdf,404,HTTP error,merged_links_indiaCode.csv
https://www.indiacode.nic.in/repealedfileopen?rfilename=A1943-25.pdf,404,HTTP error,merged_links_indiaCode.csv
https://www.indiacode.nic.in/repealedfileopen?rfilename=A1943-26.pdf,404,HTTP error,merged_links_indiaCode.csv
https://www.indiacode.nic.in/repealedfileopen?rfilename=A1943-27.pdf,404,HTTP error,merged_links_indiaCode.csv
https://www.indiacode.nic.in/repealedfileopen?rfilename=A1943-28.pdf,404,HTTP error,merged_links_indiaCode.csv
https://www.indiacode.nic.in/repealedfileopen?rfilename=A1943-29.pdf,404,HTTP error,merged_links_indiaCode.csv
https://www.indiacode.nic.in/repealedfileopen?rfilename=A1943-30.pdf,404,HTTP error,merged_links_indiaCode.csv
https://www.indiacode.nic.in/repealedfileopen?rfilename=A1944-2.pdf,404,HTTP error,merged_links_indiaCode.csv
https://www.indiacode.nic.in/repealedfileopen?rfilename=A1944-3.pdf,404,HTTP error,merged_links_indiaCode.csv
https://www.indiacode.nic.in/repealedfileopen?rfilename=A1944-4.pdf,404,HTTP error,merged_links_indiaCode.csv
https://www.indiacode.nic.in/repealedfileopen?rfilename=A1944-5.pdf,404,HTTP error,merged_links_indiaCode.csv
https://www.indiacode.nic.in/repealedfileopen?rfilename=A1944-6.pdf,404,HTTP error,merged_links_indiaCode.csv
https://www.indiacode.nic.in/repealedfileopen?rfilename=A1944-7.pdf,404,HTTP error,merged_links_indiaCode.csv
https://www.indiacode.nic.in/repealedfileopen?rfilename=A1944-8.pdf,404,HTTP error,merged_links_indiaCode.csv
https://www.indiacode.nic.in/repealedfileopen?rfilename=A1944-9.pdf,404,HTTP error,merged_links_indiaCode.csv
https://www.indiacode.nic.in/repealedfileopen?rfilename=A1944-11.pdf,404,HTTP error,merged_links_indiaCode.csv
https://www.indiacode.nic.in/repealedfileopen?rfilename=A1944-12.pdf,404,HTTP error,merged_links_indiaCode.csv
https://www.indiacode.nic.in/repealedfileopen?rfilename=A1944-14.pdf,404,HTTP error,merged_links_indiaCode.csv
https://www.indiacode.nic.in/repealedfileopen?rfilename=A1944-15.pdf,404,HTTP error,merged_links_indiaCode.csv
https://www.indiacode.nic.in/repealedfileopen?rfilename=A1944-16.pdf,404,HTTP error,merged_links_indiaCode.csv
https://www.indiacode.nic.in/repealedfileopen?rfilename=A1944-17.pdf,404,HTTP error,merged_links_indiaCode.csv
https://www.indiacode.nic.in/repealedfileopen?rfilename=A1945-1.pdf,404,HTTP error,merged_links_indiaCode.csv
https://www.indiacode.nic.in/repealedfileopen?rfilename=A1945-2.pdf,404,HTTP error,merged_links_indiaCode.csv
https://www.indiacode.nic.in/repealedfileopen?rfilename=A1945-3.pdf,404,HTTP error,merged_links_indiaCode.csv
https://www.indiacode.nic.in/repealedfileopen?rfilename=A1945-4.pdf,404,HTTP error,merged_links_indiaCode.csv
https://www.indiacode.nic.in/repealedfileopen?rfilename=A1945-5.pdf,404,HTTP error,merged_links_indiaCode.csv
https://www.indiacode.nic.in/repealedfileopen?rfilename=A1945-6.pdf,404,HTTP error,merged_links_indiaCode.csv
https://www.indiacode.nic.in/repealedfileopen?rfilename=A1945-7.pdf,404,HTTP error,merged_links_indiaCode.csv
https://www.indiacode.nic.in/repealedfileopen?rfilename=A1945-8.pdf,404,HTTP error,merged_links_indiaCode.csv
https://www.indiacode.nic.in/repealedfileopen?rfilename=A1945-9.pdf,404,HTTP error,merged_links_indiaCode.csv
https://www.indiacode.nic.in/repealedfileopen?rfilename=A1945-10.pdf,404,HTTP error,merged_links_indiaCode.csv
https://www.indiacode.nic.in/repealedfileopen?rfilename=A1945-11.pdf,404,HTTP error,merged_links_indiaCode.csv
https://www.indiacode.nic.in/repealedfileopen?rfilename=A1946-1.pdf,404,HTTP error,merged_links_indiaCode.csv
https://www.indiacode.nic.in/repealedfileopen?rfilename=A1946-2.pdf,404,HTTP error,merged_links_indiaCode.csv
https://www.indiacode.nic.in/repealedfileopen?rfilename=A1946-3.pdf,404,HTTP error,merged_links_indiaCode.csv
https://www.indiacode.nic.in/repealedfileopen?rfilename=A1946-4.pdf,404,HTTP error,merged_links_indiaCode.csv
https://www.indiacode.nic.in/repealedfileopen?rfilename=A1946-5.pdf,404,HTTP error,merged_links_indiaCode.csv
https://www.indiacode.nic.in/repealedfileopen?rfilename=A1946-6.pdf,404,HTTP error,merged_links_indiaCode.csv
https://www.indiacode.nic.in/repealedfileopen?rfilename=A1946-8.pdf,404,HTTP error,merged_links_indiaCode.csv
https://www.indiacode.nic.in/repealedfileopen?rfilename=A1946-10.pdf,404,HTTP error,merged_links_indiaCode.csv
https://www.indiacode.nic.in/repealedfileopen?rfilename=A1946-11.pdf,404,HTTP error,merged_links_indiaCode.csv
https://www.indiacode.nic.in/repealedfileopen?rfilename=A1946-12.pdf,404,HTTP error,merged_links_indiaCode.csv
https://www.indiacode.nic.in/repealedfileopen?rfilename=A1946-13.pdf,404,HTTP error,merged_links_indiaCode.csv
https://www.indiacode.nic.in/repealedfileopen?rfilename=A1946-14.pdf,404,HTTP error,merged_links_indiaCode.csv
https://www.indiacode.nic.in/repealedfileopen?rfilename=A1946-15.pdf,404,HTTP error,merged_links_indiaCode.csv
https://www.indiacode.nic.in/repealedfileopen?rfilename=A1946-16.pdf,404,HTTP error,merged_links_indiaCode.csv
https://www.indiacode.nic.in/repealedfileopen?rfilename=A1946-17.pdf,404,HTTP error,merged_links_indiaCode.csv
https://www.indiacode.nic.in/repealedfileopen?rfilename=A1946-18.pdf,404,HTTP error,merged_links_indiaCode.csv
https://www.indiacode.nic.in/repealedfileopen?rfilename=A1946-19.pdf,404,HTTP error,merged_links_indiaCode.csv
https://www.indiacode.nic.in/repealedfileopen?rfilename=A1946-23.pdf,404,HTTP error,merged_links_indiaCode.csv
https://www.indiacode.nic.in/repealedfileopen?rfilename=A1946-24.pdf,404,HTTP error,merged_links_indiaCode.csv
https://www.indiacode.nic.in/repealedfileopen?rfilename=A1946-29.pdf,404,HTTP error,merged_links_indiaCode.csv
https://www.indiacode.nic.in/repealedfileopen?rfilename=A1946-30.pdf,404,HTTP error,merged_links_indiaCode.csv
https://www.indiacode.nic.in/repealedfileopen?rfilename=A1947-3.pdf,404,HTTP error,merged_links_indiaCode.csv
https://www.indiacode.nic.in/repealedfileopen?rfilename=A1947-4.pdf,404,HTTP error,merged_links_indiaCode.csv
https://www.indiacode.nic.in/repealedfileopen?rfilename=A1947-5.pdf,404,HTTP error,merged_links_indiaCode.csv
https://www.indiacode.nic.in/repealedfileopen?rfilename=A1947-6.pdf,404,HTTP error,merged_links_indiaCode.csv
https://www.indiacode.nic.in/repealedfileopen?rfilename=A1947-8.pdf,404,HTTP error,merged_links_indiaCode.csv
https://www.indiacode.nic.in/repealedfileopen?rfilename=A1947-28.pdf,404,HTTP error,merged_links_indiaCode.csv
https://www.indiacode.nic.in/repealedfileopen?rfilename=A1948-39.pdf,404,HTTP error,merged_links_indiaCode.csv
https://www.indiacode.nic.in/repealedfileopen?rfilename=A1949-46.pdf,404,HTTP error,merged_links_indiaCode.csv
https://www.indiacode.nic.in/repealedfileopen?rfilename=A1959-43.pdf,404,HTTP error,merged_links_indiaCode.csv
https://www.indiacode.nic.in/repealedfileopen?rfilename=A1959-35.pdf,404,HTTP error,merged_links_indiaCode.csv
https://www.indiacode.nic.in/repealedfileopen?rfilename=A1971-07.pdf,404,HTTP error,merged_links_indiaCode.csv
https://www.indiacode.nic.in/repealedfileopen?rfilename=A1974-2.pdf,404,HTTP error,merged_links_indiaCode.csv
https://www.indiacode.nic.in/repealedfileopen?rfilename=A1983-20.pdf,404,HTTP error,merged_links_indiaCode.csv
https://www.indiacode.nic.in/repealedfileopen?rfilename=A1986-7.pdf,404,HTTP error,merged_links_indiaCode.csv
https://www.indiacode.nic.in/repealedfileopen?rfilename=A2009-9.pdf,404,HTTP error,merged_links_indiaCode.csv
https://www.indiacode.nic.in/ViewFileUploaded?path=AC_CEN_5_40_00009_195130_1517807327831/notificationindividualfile/&file=president%E2%80%99s_pension_%28amendment%29_rules%2C_2018%28g.s.r._488%28e%29%29.pdf,302,HTTP error,merged_links_indiaCode.csv
https://www.indiacode.nic.in/ViewFileUploaded?path=AC_CEN_2_11_00018_195631_1517807320796/regulationindividualfile/&file=life_insurance_corporation_of_india_shareholders_director_regulation%2C_2023.pdf,Exception,"('Connection aborted.', RemoteDisconnected('Remote end closed connection without response'))",merged_links_indiaCode.csv
https://www.indiacode.nic.in/ViewFileUploaded?path=AC_CEN_23_31_00005_197905_1517807325216/regulationindividualfile/&file=p27-31+%28CDB+Service+Regulations%29.pdf,Exception,"('Connection aborted.', RemoteDisconnected('Remote end closed connection without response'))",merged_links_indiaCode.csv
found_pdf_link,Exception,Invalid URL 'found_pdf_link': No scheme supplied. Perhaps you meant https://found_pdf_link?,merged_links_indiaCode.csv
https://www.indiacode.nic.in/bitstream/123456789/1988/3/H1999%20-42.pdf,404,HTTP error,merged_links_indiaCode.csv
https://cdnbbsr.s3waas.gov.in/s380537a945c7aaa788ccfcdf1b99b5d8f/uploads/2023/01/2023011257-1.pdf,Exception,"('Connection aborted.', RemoteDisconnected('Remote end closed connection without response'))",merged_links_legislative.csv
https://lddashboard.legislative.gov.in/sites/default/files/Constitution%20of%20India_0.pdf,Exception,"('Connection aborted.', RemoteDisconnected('Remote end closed connection without response'))",merged_links_legislative.csv
https://lddashboard.legislative.gov.in/sites/default/files/SC-JUN-2014.pdf,Exception,"HTTPSConnectionPool(host='lddashboard.legislative.gov.in', port=443): Max retries exceeded with url: /sites/default/files/SC-JUN-2014.pdf (Caused by NameResolutionError(""<urllib3.connection.HTTPSConnection object at 0x000001605EB33E90>: Failed to resolve 'lddashboard.legislative.gov.in' ([Errno 11001] getaddrinfo failed)""))",merged_links_legislative.csv
https://cdnbbsr.s3waas.gov.in/s380537a945c7aaa788ccfcdf1b99b5d8f/uploads/2023/01/2023011890-1.pdf,Exception,"('Connection aborted.', RemoteDisconnected('Remote end closed connection without response'))",merged_links_legislative.csv
https://lddashboard.legislative.gov.in/sites/default/files/CR-DEC-2020.pdf,Exception,"HTTPSConnectionPool(host='lddashboard.legislative.gov.in', port=443): Read timed out.",merged_links_legislative.csv
https://cdnbbsr.s3waas.gov.in/s380537a945c7aaa788ccfcdf1b99b5d8f/uploads/2023/01/2023010692-2.pdf,Exception,"('Connection aborted.', RemoteDisconnected('Remote end closed connection without response'))",merged_links_legislative.csv
https://lddashboard.legislative.gov.in/sites/default/files/KA%20%2065%20of%201980.pdf,404,HTTP error,merged_links_legislative.csv
https://lddashboard.legislative.gov.in/sites/default/files/SC-MAR-2021.pdf,404,HTTP error,merged_links_legislative.csv
https://cdnbbsr.s3waas.gov.in/s380537a945c7aaa788ccfcdf1b99b5d8f/uploads/2023/01/2023011993-1.pdf,503,HTTP error,merged_links_legislative.csv
https://lddashboard.legislative.gov.in/sites/default/files/legislative_references/ORDINANCES%201976-1979.pdf,Exception,"('Connection broken: IncompleteRead(145489920 bytes read, 1635758 more expected)', IncompleteRead(145489920 bytes read, 1635758 more expected))",merged_links_legislative.csv
https://lddashboard.legislative.gov.in/sites/default/files/Dandik%20oct-dec%2C%202017.pdf,Exception,"HTTPSConnectionPool(host='lddashboard.legislative.gov.in', port=443): Max retries exceeded with url: /sites/default/files/Dandik%20oct-dec%2C%202017.pdf (Caused by NameResolutionError(""<urllib3.connection.HTTPSConnection object at 0x000001605EB71F90>: Failed to resolve 'lddashboard.legislative.gov.in' ([Errno 11001] getaddrinfo failed)""))",merged_links_legislative.csv
https://cdnbbsr.s3waas.gov.in/s380537a945c7aaa788ccfcdf1b99b5d8f/uploads/2024/03/20240328794261026.pdf,Exception,"HTTPSConnectionPool(host='cdnbbsr.s3waas.gov.in', port=443): Max retries exceeded with url: /s380537a945c7aaa788ccfcdf1b99b5d8f/uploads/2024/03/20240328794261026.pdf (Caused by NameResolutionError(""<urllib3.connection.HTTPSConnection object at 0x000001605EBC8B90>: Failed to resolve 'cdnbbsr.s3waas.gov.in' ([Errno 11001] getaddrinfo failed)""))",merged_links_legislative.csv
https://cdnbbsr.s3waas.gov.in/s380537a945c7aaa788ccfcdf1b99b5d8f/uploads/2023/01/2023011962.pdf,Exception,"HTTPSConnectionPool(host='cdnbbsr.s3waas.gov.in', port=443): Max retries exceeded with url: /s380537a945c7aaa788ccfcdf1b99b5d8f/uploads/2023/01/2023011962.pdf (Caused by NameResolutionError(""<urllib3.connection.HTTPSConnection object at 0x000001605EB88A50>: Failed to resolve 'cdnbbsr.s3waas.gov.in' ([Errno 11001] getaddrinfo failed)""))",merged_links_legislative.csv
https://cdnbbsr.s3waas.gov.in/s380537a945c7aaa788ccfcdf1b99b5d8f/uploads/2023/02/2023021036-2.pdf,Exception,"HTTPSConnectionPool(host='cdnbbsr.s3waas.gov.in', port=443): Max retries exceeded with url: /s380537a945c7aaa788ccfcdf1b99b5d8f/uploads/2023/02/2023021036-2.pdf (Caused by NameResolutionError(""<urllib3.connection.HTTPSConnection object at 0x000001605EB8BE50>: Failed to resolve 'cdnbbsr.s3waas.gov.in' ([Errno 11001] getaddrinfo failed)""))",merged_links_legislative.csv
https://cdnbbsr.s3waas.gov.in/s380537a945c7aaa788ccfcdf1b99b5d8f/uploads/2023/01/2023011972-2.pdf,Exception,"HTTPSConnectionPool(host='cdnbbsr.s3waas.gov.in', port=443): Max retries exceeded with url: /s380537a945c7aaa788ccfcdf1b99b5d8f/uploads/2023/01/2023011972-2.pdf (Caused by NameResolutionError(""<urllib3.connection.HTTPSConnection object at 0x000001605EB9FDD0>: Failed to resolve 'cdnbbsr.s3waas.gov.in' ([Errno 11001] getaddrinfo failed)""))",merged_links_legislative.csv
https://cdnbbsr.s3waas.gov.in/s380537a945c7aaa788ccfcdf1b99b5d8f/uploads/2023/06/2023060938.pdf,Exception,"HTTPSConnectionPool(host='cdnbbsr.s3waas.gov.in', port=443): Max retries exceeded with url: /s380537a945c7aaa788ccfcdf1b99b5d8f/uploads/2023/06/2023060938.pdf (Caused by NameResolutionError(""<urllib3.connection.HTTPSConnection object at 0x000001605EB8B910>: Failed to resolve 'cdnbbsr.s3waas.gov.in' ([Errno 11001] getaddrinfo failed)""))",merged_links_legislative.csv
https://cdnbbsr.s3waas.gov.in/s380537a945c7aaa788ccfcdf1b99b5d8f/uploads/2023/02/2023021720-4.pdf,Exception,"HTTPSConnectionPool(host='cdnbbsr.s3waas.gov.in', port=443): Max retries exceeded with url: /s380537a945c7aaa788ccfcdf1b99b5d8f/uploads/2023/02/2023021720-4.pdf (Caused by NameResolutionError(""<urllib3.connection.HTTPSConnection object at 0x000001605EB8E210>: Failed to resolve 'cdnbbsr.s3waas.gov.in' ([Errno 11001] getaddrinfo failed)""))",merged_links_legislative.csv
https://cdnbbsr.s3waas.gov.in/s380537a945c7aaa788ccfcdf1b99b5d8f/uploads/2023/01/2023011075-2.pdf,Exception,"HTTPSConnectionPool(host='cdnbbsr.s3waas.gov.in', port=443): Max retries exceeded with url: /s380537a945c7aaa788ccfcdf1b99b5d8f/uploads/2023/01/2023011075-2.pdf (Caused by NameResolutionError(""<urllib3.connection.HTTPSConnection object at 0x000001605EB9EE50>: Failed to resolve 'cdnbbsr.s3waas.gov.in' ([Errno 11001] getaddrinfo failed)""))",merged_links_legislative.csv
https://cdnbbsr.s3waas.gov.in/s380537a945c7aaa788ccfcdf1b99b5d8f/uploads/2023/02/2023021747-2.pdf,Exception,"HTTPSConnectionPool(host='cdnbbsr.s3waas.gov.in', port=443): Max retries exceeded with url: /s380537a945c7aaa788ccfcdf1b99b5d8f/uploads/2023/02/2023021747-2.pdf (Caused by NameResolutionError(""<urllib3.connection.HTTPSConnection object at 0x000001605EB9C950>: Failed to resolve 'cdnbbsr.s3waas.gov.in' ([Errno 11001] getaddrinfo failed)""))",merged_links_legislative.csv
https://cdnbbsr.s3waas.gov.in/s380537a945c7aaa788ccfcdf1b99b5d8f/uploads/2023/01/2023010917.pdf,Exception,"HTTPSConnectionPool(host='cdnbbsr.s3waas.gov.in', port=443): Max retries exceeded with url: /s380537a945c7aaa788ccfcdf1b99b5d8f/uploads/2023/01/2023010917.pdf (Caused by NameResolutionError(""<urllib3.connection.HTTPSConnection object at 0x000001605EB48510>: Failed to resolve 'cdnbbsr.s3waas.gov.in' ([Errno 11001] getaddrinfo failed)""))",merged_links_legislative.csv
https://cdnbbsr.s3waas.gov.in/s380537a945c7aaa788ccfcdf1b99b5d8f/uploads/2023/02/2023022093-2.pdf,Exception,"HTTPSConnectionPool(host='cdnbbsr.s3waas.gov.in', port=443): Max retries exceeded with url: /s380537a945c7aaa788ccfcdf1b99b5d8f/uploads/2023/02/2023022093-2.pdf (Caused by NameResolutionError(""<urllib3.connection.HTTPSConnection object at 0x000001605EB3F250>: Failed to resolve 'cdnbbsr.s3waas.gov.in' ([Errno 11001] getaddrinfo failed)""))",merged_links_legislative.csv
https://cdnbbsr.s3waas.gov.in/s380537a945c7aaa788ccfcdf1b99b5d8f/uploads/2023/02/2023021081.pdf,Exception,"HTTPSConnectionPool(host='cdnbbsr.s3waas.gov.in', port=443): Max retries exceeded with url: /s380537a945c7aaa788ccfcdf1b99b5d8f/uploads/2023/02/2023021081.pdf (Caused by NameResolutionError(""<urllib3.connection.HTTPSConnection object at 0x000001605EBC8F50>: Failed to resolve 'cdnbbsr.s3waas.gov.in' ([Errno 11001] getaddrinfo failed)""))",merged_links_legislative.csv
https://cdnbbsr.s3waas.gov.in/s380537a945c7aaa788ccfcdf1b99b5d8f/uploads/2023/03/2023030218-1.pdf,Exception,"HTTPSConnectionPool(host='cdnbbsr.s3waas.gov.in', port=443): Max retries exceeded with url: /s380537a945c7aaa788ccfcdf1b99b5d8f/uploads/2023/03/2023030218-1.pdf (Caused by NameResolutionError(""<urllib3.connection.HTTPSConnection object at 0x000001605EBC8C90>: Failed to resolve 'cdnbbsr.s3waas.gov.in' ([Errno 11001] getaddrinfo failed)""))",merged_links_legislative.csv
https://cdnbbsr.s3waas.gov.in/s380537a945c7aaa788ccfcdf1b99b5d8f/uploads/2023/03/2023030365-2.pdf,Exception,"HTTPSConnectionPool(host='cdnbbsr.s3waas.gov.in', port=443): Max retries exceeded with url: /s380537a945c7aaa788ccfcdf1b99b5d8f/uploads/2023/03/2023030365-2.pdf (Caused by NameResolutionError(""<urllib3.connection.HTTPSConnection object at 0x000001605EBC9D50>: Failed to resolve 'cdnbbsr.s3waas.gov.in' ([Errno 11001] getaddrinfo failed)""))",merged_links_legislative.csv
https://cdnbbsr.s3waas.gov.in/s380537a945c7aaa788ccfcdf1b99b5d8f/uploads/2023/02/2023021750-2.pdf,Exception,"HTTPSConnectionPool(host='cdnbbsr.s3waas.gov.in', port=443): Max retries exceeded with url: /s380537a945c7aaa788ccfcdf1b99b5d8f/uploads/2023/02/2023021750-2.pdf (Caused by NameResolutionError(""<urllib3.connection.HTTPSConnection object at 0x000001605EBCB310>: Failed to resolve 'cdnbbsr.s3waas.gov.in' ([Errno 11001] getaddrinfo failed)""))",merged_links_legislative.csv
https://cdnbbsr.s3waas.gov.in/s380537a945c7aaa788ccfcdf1b99b5d8f/uploads/2023/01/2023010690.pdf,Exception,"HTTPSConnectionPool(host='cdnbbsr.s3waas.gov.in', port=443): Max retries exceeded with url: /s380537a945c7aaa788ccfcdf1b99b5d8f/uploads/2023/01/2023010690.pdf (Caused by NameResolutionError(""<urllib3.connection.HTTPSConnection object at 0x000001605EB8A650>: Failed to resolve 'cdnbbsr.s3waas.gov.in' ([Errno 11001] getaddrinfo failed)""))",merged_links_legislative.csv
https://cdnbbsr.s3waas.gov.in/s380537a945c7aaa788ccfcdf1b99b5d8f/uploads/2022/12/2022122277.pdf,Exception,"HTTPSConnectionPool(host='cdnbbsr.s3waas.gov.in', port=443): Max retries exceeded with url: /s380537a945c7aaa788ccfcdf1b99b5d8f/uploads/2022/12/2022122277.pdf (Caused by NameResolutionError(""<urllib3.connection.HTTPSConnection object at 0x000001605EB8B190>: Failed to resolve 'cdnbbsr.s3waas.gov.in' ([Errno 11001] getaddrinfo failed)""))",merged_links_legislative.csv
https://lddashboard.legislative.gov.in/sites/default/files/S%20C%20April-Jun%2C%202015.pdf,Exception,"HTTPSConnectionPool(host='lddashboard.legislative.gov.in', port=443): Max retries exceeded with url: /sites/default/files/S%20C%20April-Jun%2C%202015.pdf (Caused by NameResolutionError(""<urllib3.connection.HTTPSConnection object at 0x000001605EB8BB90>: Failed to resolve 'lddashboard.legislative.gov.in' ([Errno 11001] getaddrinfo failed)""))",merged_links_legislative.csv
https://cdnbbsr.s3waas.gov.in/s380537a945c7aaa788ccfcdf1b99b5d8f/uploads/2023/03/2023030330-2.pdf,Exception,"HTTPSConnectionPool(host='cdnbbsr.s3waas.gov.in', port=443): Max retries exceeded with url: /s380537a945c7aaa788ccfcdf1b99b5d8f/uploads/2023/03/2023030330-2.pdf (Caused by NameResolutionError(""<urllib3.connection.HTTPSConnection object at 0x000001605EB89B10>: Failed to resolve 'cdnbbsr.s3waas.gov.in' ([Errno 11001] getaddrinfo failed)""))",merged_links_legislative.csv
https://cdnbbsr.s3waas.gov.in/s380537a945c7aaa788ccfcdf1b99b5d8f/uploads/2023/10/202310101670755827.pdf,Exception,"HTTPSConnectionPool(host='cdnbbsr.s3waas.gov.in', port=443): Max retries exceeded with url: /s380537a945c7aaa788ccfcdf1b99b5d8f/uploads/2023/10/202310101670755827.pdf (Caused by NameResolutionError(""<urllib3.connection.HTTPSConnection object at 0x000001605EB89050>: Failed to resolve 'cdnbbsr.s3waas.gov.in' ([Errno 11001] getaddrinfo failed)""))",merged_links_legislative.csv
https://cdnbbsr.s3waas.gov.in/s380537a945c7aaa788ccfcdf1b99b5d8f/uploads/2023/02/2023021782-3.pdf,Exception,"HTTPSConnectionPool(host='cdnbbsr.s3waas.gov.in', port=443): Max retries exceeded with url: /s380537a945c7aaa788ccfcdf1b99b5d8f/uploads/2023/02/2023021782-3.pdf (Caused by NameResolutionError(""<urllib3.connection.HTTPSConnection object at 0x000001605E94E0D0>: Failed to resolve 'cdnbbsr.s3waas.gov.in' ([Errno 11001] getaddrinfo failed)""))",merged_links_legislative.csv
https://cdnbbsr.s3waas.gov.in/s380537a945c7aaa788ccfcdf1b99b5d8f/uploads/2024/04/202404221232522834.pdf,Exception,"HTTPSConnectionPool(host='cdnbbsr.s3waas.gov.in', port=443): Max retries exceeded with url: /s380537a945c7aaa788ccfcdf1b99b5d8f/uploads/2024/04/202404221232522834.pdf (Caused by NameResolutionError(""<urllib3.connection.HTTPSConnection object at 0x000001605EB72710>: Failed to resolve 'cdnbbsr.s3waas.gov.in' ([Errno 11001] getaddrinfo failed)""))",merged_links_legislative.csv
https://cdnbbsr.s3waas.gov.in/s380537a945c7aaa788ccfcdf1b99b5d8f/uploads/2023/03/2023030239.pdf,Exception,"HTTPSConnectionPool(host='cdnbbsr.s3waas.gov.in', port=443): Max retries exceeded with url: /s380537a945c7aaa788ccfcdf1b99b5d8f/uploads/2023/03/2023030239.pdf (Caused by NameResolutionError(""<urllib3.connection.HTTPSConnection object at 0x000001605EB3EA90>: Failed to resolve 'cdnbbsr.s3waas.gov.in' ([Errno 11001] getaddrinfo failed)""))",merged_links_legislative.csv
https://cdnbbsr.s3waas.gov.in/s380537a945c7aaa788ccfcdf1b99b5d8f/uploads/2023/03/2023031665.pdf,Exception,"HTTPSConnectionPool(host='cdnbbsr.s3waas.gov.in', port=443): Max retries exceeded with url: /s380537a945c7aaa788ccfcdf1b99b5d8f/uploads/2023/03/2023031665.pdf (Caused by NameResolutionError(""<urllib3.connection.HTTPSConnection object at 0x000001605E94CD90>: Failed to resolve 'cdnbbsr.s3waas.gov.in' ([Errno 11001] getaddrinfo failed)""))",merged_links_legislative.csv
https://cdnbbsr.s3waas.gov.in/s380537a945c7aaa788ccfcdf1b99b5d8f/uploads/2023/02/2023021789-5.pdf,Exception,"HTTPSConnectionPool(host='cdnbbsr.s3waas.gov.in', port=443): Max retries exceeded with url: /s380537a945c7aaa788ccfcdf1b99b5d8f/uploads/2023/02/2023021789-5.pdf (Caused by NameResolutionError(""<urllib3.connection.HTTPSConnection object at 0x000001605EB70D50>: Failed to resolve 'cdnbbsr.s3waas.gov.in' ([Errno 11001] getaddrinfo failed)""))",merged_links_legislative.csv
https://cdnbbsr.s3waas.gov.in/s380537a945c7aaa788ccfcdf1b99b5d8f/uploads/2023/02/2023021772.pdf,Exception,"HTTPSConnectionPool(host='cdnbbsr.s3waas.gov.in', port=443): Max retries exceeded with url: /s380537a945c7aaa788ccfcdf1b99b5d8f/uploads/2023/02/2023021772.pdf (Caused by NameResolutionError(""<urllib3.connection.HTTPSConnection object at 0x000001605EB23F90>: Failed to resolve 'cdnbbsr.s3waas.gov.in' ([Errno 11001] getaddrinfo failed)""))",merged_links_legislative.csv
https://lddashboard.legislative.gov.in/sites/default/files/Civil%20Jun%2C%202014.pdf,Exception,"HTTPSConnectionPool(host='lddashboard.legislative.gov.in', port=443): Max retries exceeded with url: /sites/default/files/Civil%20Jun%2C%202014.pdf (Caused by NameResolutionError(""<urllib3.connection.HTTPSConnection object at 0x000001605EB8AD10>: Failed to resolve 'lddashboard.legislative.gov.in' ([Errno 11001] getaddrinfo failed)""))",merged_links_legislative.csv
https://cdnbbsr.s3waas.gov.in/s380537a945c7aaa788ccfcdf1b99b5d8f/uploads/2023/01/2023010998.pdf,Exception,"HTTPSConnectionPool(host='cdnbbsr.s3waas.gov.in', port=443): Max retries exceeded with url: /s380537a945c7aaa788ccfcdf1b99b5d8f/uploads/2023/01/2023010998.pdf (Caused by NameResolutionError(""<urllib3.connection.HTTPSConnection object at 0x000001605EB88B10>: Failed to resolve 'cdnbbsr.s3waas.gov.in' ([Errno 11001] getaddrinfo failed)""))",merged_links_legislative.csv
https://cdnbbsr.s3waas.gov.in/s380537a945c7aaa788ccfcdf1b99b5d8f/uploads/2023/01/2023011280.pdf,Exception,"HTTPSConnectionPool(host='cdnbbsr.s3waas.gov.in', port=443): Max retries exceeded with url: /s380537a945c7aaa788ccfcdf1b99b5d8f/uploads/2023/01/2023011280.pdf (Caused by NameResolutionError(""<urllib3.connection.HTTPSConnection object at 0x000001605EB89D90>: Failed to resolve 'cdnbbsr.s3waas.gov.in' ([Errno 11001] getaddrinfo failed)""))",merged_links_legislative.csv
https://cdnbbsr.s3waas.gov.in/s380537a945c7aaa788ccfcdf1b99b5d8f/uploads/2023/03/2023030625-1.pdf,Exception,"HTTPSConnectionPool(host='cdnbbsr.s3waas.gov.in', port=443): Max retries exceeded with url: /s380537a945c7aaa788ccfcdf1b99b5d8f/uploads/2023/03/2023030625-1.pdf (Caused by NameResolutionError(""<urllib3.connection.HTTPSConnection object at 0x000001605EB8ABD0>: Failed to resolve 'cdnbbsr.s3waas.gov.in' ([Errno 11001] getaddrinfo failed)""))",merged_links_legislative.csv
https://cdnbbsr.s3waas.gov.in/s380537a945c7aaa788ccfcdf1b99b5d8f/uploads/2023/01/2023011912.pdf,Exception,"HTTPSConnectionPool(host='cdnbbsr.s3waas.gov.in', port=443): Max retries exceeded with url: /s380537a945c7aaa788ccfcdf1b99b5d8f/uploads/2023/01/2023011912.pdf (Caused by NameResolutionError(""<urllib3.connection.HTTPSConnection object at 0x000001605EBC8050>: Failed to resolve 'cdnbbsr.s3waas.gov.in' ([Errno 11001] getaddrinfo failed)""))",merged_links_legislative.csv
https://cdnbbsr.s3waas.gov.in/s380537a945c7aaa788ccfcdf1b99b5d8f/uploads/2023/03/2023030226-1.pdf,Exception,"HTTPSConnectionPool(host='cdnbbsr.s3waas.gov.in', port=443): Max retries exceeded with url: /s380537a945c7aaa788ccfcdf1b99b5d8f/uploads/2023/03/2023030226-1.pdf (Caused by NameResolutionError(""<urllib3.connection.HTTPSConnection object at 0x000001605EBCB350>: Failed to resolve 'cdnbbsr.s3waas.gov.in' ([Errno 11001] getaddrinfo failed)""))",merged_links_legislative.csv
https://cdnbbsr.s3waas.gov.in/s380537a945c7aaa788ccfcdf1b99b5d8f/uploads/2023/01/2023012782-1.pdf,Exception,"HTTPSConnectionPool(host='cdnbbsr.s3waas.gov.in', port=443): Max retries exceeded with url: /s380537a945c7aaa788ccfcdf1b99b5d8f/uploads/2023/01/2023012782-1.pdf (Caused by NameResolutionError(""<urllib3.connection.HTTPSConnection object at 0x000001605EBB9F50>: Failed to resolve 'cdnbbsr.s3waas.gov.in' ([Errno 11001] getaddrinfo failed)""))",merged_links_legislative.csv
https://cdnbbsr.s3waas.gov.in/s380537a945c7aaa788ccfcdf1b99b5d8f/uploads/2023/03/2023030382-3.pdf,Exception,"HTTPSConnectionPool(host='cdnbbsr.s3waas.gov.in', port=443): Max retries exceeded with url: /s380537a945c7aaa788ccfcdf1b99b5d8f/uploads/2023/03/2023030382-3.pdf (Caused by NameResolutionError(""<urllib3.connection.HTTPSConnection object at 0x000001605EBC8B50>: Failed to resolve 'cdnbbsr.s3waas.gov.in' ([Errno 11001] getaddrinfo failed)""))",merged_links_legislative.csv
https://cdnbbsr.s3waas.gov.in/s380537a945c7aaa788ccfcdf1b99b5d8f/uploads/2023/01/2023012734.pdf,Exception,"HTTPSConnectionPool(host='cdnbbsr.s3waas.gov.in', port=443): Max retries exceeded with url: /s380537a945c7aaa788ccfcdf1b99b5d8f/uploads/2023/01/2023012734.pdf (Caused by NameResolutionError(""<urllib3.connection.HTTPSConnection object at 0x000001605EBCA590>: Failed to resolve 'cdnbbsr.s3waas.gov.in' ([Errno 11001] getaddrinfo failed)""))",merged_links_legislative.csv
https://cdnbbsr.s3waas.gov.in/s380537a945c7aaa788ccfcdf1b99b5d8f/uploads/2023/03/2023030364-5.pdf,Exception,"HTTPSConnectionPool(host='cdnbbsr.s3waas.gov.in', port=443): Max retries exceeded with url: /s380537a945c7aaa788ccfcdf1b99b5d8f/uploads/2023/03/2023030364-5.pdf (Caused by NameResolutionError(""<urllib3.connection.HTTPSConnection object at 0x000001605EBCA310>: Failed to resolve 'cdnbbsr.s3waas.gov.in' ([Errno 11001] getaddrinfo failed)""))",merged_links_legislative.csv
https://cdnbbsr.s3waas.gov.in/s380537a945c7aaa788ccfcdf1b99b5d8f/uploads/2023/01/2023010312.pdf,Exception,"HTTPSConnectionPool(host='cdnbbsr.s3waas.gov.in', port=443): Max retries exceeded with url: /s380537a945c7aaa788ccfcdf1b99b5d8f/uploads/2023/01/2023010312.pdf (Caused by NameResolutionError(""<urllib3.connection.HTTPSConnection object at 0x000001605EBB8310>: Failed to resolve 'cdnbbsr.s3waas.gov.in' ([Errno 11001] getaddrinfo failed)""))",merged_links_legislative.csv
https://cdnbbsr.s3waas.gov.in/s380537a945c7aaa788ccfcdf1b99b5d8f/uploads/2023/03/2023030665.pdf,Exception,"HTTPSConnectionPool(host='cdnbbsr.s3waas.gov.in', port=443): Max retries exceeded with url: /s380537a945c7aaa788ccfcdf1b99b5d8f/uploads/2023/03/2023030665.pdf (Caused by NameResolutionError(""<urllib3.connection.HTTPSConnection object at 0x000001605EBCA7D0>: Failed to resolve 'cdnbbsr.s3waas.gov.in' ([Errno 11001] getaddrinfo failed)""))",merged_links_legislative.csv
https://cdnbbsr.s3waas.gov.in/s380537a945c7aaa788ccfcdf1b99b5d8f/uploads/2023/02/2023021010.pdf,Exception,"HTTPSConnectionPool(host='cdnbbsr.s3waas.gov.in', port=443): Max retries exceeded with url: /s380537a945c7aaa788ccfcdf1b99b5d8f/uploads/2023/02/2023021010.pdf (Caused by NameResolutionError(""<urllib3.connection.HTTPSConnection object at 0x000001605EB8AED0>: Failed to resolve 'cdnbbsr.s3waas.gov.in' ([Errno 11001] getaddrinfo failed)""))",merged_links_legislative.csv
https://cdnbbsr.s3waas.gov.in/s380537a945c7aaa788ccfcdf1b99b5d8f/uploads/2023/01/2023011889.pdf,Exception,"HTTPSConnectionPool(host='cdnbbsr.s3waas.gov.in', port=443): Max retries exceeded with url: /s380537a945c7aaa788ccfcdf1b99b5d8f/uploads/2023/01/2023011889.pdf (Caused by NameResolutionError(""<urllib3.connection.HTTPSConnection object at 0x000001605EB8B590>: Failed to resolve 'cdnbbsr.s3waas.gov.in' ([Errno 11001] getaddrinfo failed)""))",merged_links_legislative.csv
https://cdnbbsr.s3waas.gov.in/s380537a945c7aaa788ccfcdf1b99b5d8f/uploads/2023/01/2023012748.pdf,Exception,"HTTPSConnectionPool(host='cdnbbsr.s3waas.gov.in', port=443): Max retries exceeded with url: /s380537a945c7aaa788ccfcdf1b99b5d8f/uploads/2023/01/2023012748.pdf (Caused by NameResolutionError(""<urllib3.connection.HTTPSConnection object at 0x000001605EB8BAD0>: Failed to resolve 'cdnbbsr.s3waas.gov.in' ([Errno 11001] getaddrinfo failed)""))",merged_links_legislative.csv
https://cdnbbsr.s3waas.gov.in/s380537a945c7aaa788ccfcdf1b99b5d8f/uploads/2023/03/2023030381.pdf,Exception,"HTTPSConnectionPool(host='cdnbbsr.s3waas.gov.in', port=443): Max retries exceeded with url: /s380537a945c7aaa788ccfcdf1b99b5d8f/uploads/2023/03/2023030381.pdf (Caused by NameResolutionError(""<urllib3.connection.HTTPSConnection object at 0x000001605EB8BE10>: Failed to resolve 'cdnbbsr.s3waas.gov.in' ([Errno 11001] getaddrinfo failed)""))",merged_links_legislative.csv
https://cdnbbsr.s3waas.gov.in/s380537a945c7aaa788ccfcdf1b99b5d8f/uploads/2023/03/2023030671.pdf,Exception,"HTTPSConnectionPool(host='cdnbbsr.s3waas.gov.in', port=443): Max retries exceeded with url: /s380537a945c7aaa788ccfcdf1b99b5d8f/uploads/2023/03/2023030671.pdf (Caused by NameResolutionError(""<urllib3.connection.HTTPSConnection object at 0x000001605EB8BF90>: Failed to resolve 'cdnbbsr.s3waas.gov.in' ([Errno 11001] getaddrinfo failed)""))",merged_links_legislative.csv
https://cdnbbsr.s3waas.gov.in/s380537a945c7aaa788ccfcdf1b99b5d8f/uploads/2023/01/2023010920.pdf,Exception,"HTTPSConnectionPool(host='cdnbbsr.s3waas.gov.in', port=443): Max retries exceeded with url: /s380537a945c7aaa788ccfcdf1b99b5d8f/uploads/2023/01/2023010920.pdf (Caused by NameResolutionError(""<urllib3.connection.HTTPSConnection object at 0x000001605EB73F90>: Failed to resolve 'cdnbbsr.s3waas.gov.in' ([Errno 11001] getaddrinfo failed)""))",merged_links_legislative.csv
https://lddashboard.legislative.gov.in/sites/default/files/CR-APR-2020.pdf,Exception,"HTTPSConnectionPool(host='lddashboard.legislative.gov.in', port=443): Max retries exceeded with url: /sites/default/files/CR-APR-2020.pdf (Caused by NameResolutionError(""<urllib3.connection.HTTPSConnection object at 0x000001605EB3CE90>: Failed to resolve 'lddashboard.legislative.gov.in' ([Errno 11001] getaddrinfo failed)""))",merged_links_legislative.csv
https://cdnbbsr.s3waas.gov.in/s380537a945c7aaa788ccfcdf1b99b5d8f/uploads/2023/03/2023030353.pdf,Exception,"HTTPSConnectionPool(host='cdnbbsr.s3waas.gov.in', port=443): Max retries exceeded with url: /s380537a945c7aaa788ccfcdf1b99b5d8f/uploads/2023/03/2023030353.pdf (Caused by NameResolutionError(""<urllib3.connection.HTTPSConnection object at 0x000001605E94E350>: Failed to resolve 'cdnbbsr.s3waas.gov.in' ([Errno 11001] getaddrinfo failed)""))",merged_links_legislative.csv
https://cdnbbsr.s3waas.gov.in/s380537a945c7aaa788ccfcdf1b99b5d8f/uploads/2023/01/2023011096-8.pdf,Exception,"HTTPSConnectionPool(host='cdnbbsr.s3waas.gov.in', port=443): Max retries exceeded with url: /s380537a945c7aaa788ccfcdf1b99b5d8f/uploads/2023/01/2023011096-8.pdf (Caused by NameResolutionError(""<urllib3.connection.HTTPSConnection object at 0x000001605EB23F50>: Failed to resolve 'cdnbbsr.s3waas.gov.in' ([Errno 11001] getaddrinfo failed)""))",merged_links_legislative.csv
https://cdnbbsr.s3waas.gov.in/s380537a945c7aaa788ccfcdf1b99b5d8f/uploads/2025/05/202505211384604661.pdf,Exception,"HTTPSConnectionPool(host='cdnbbsr.s3waas.gov.in', port=443): Max retries exceeded with url: /s380537a945c7aaa788ccfcdf1b99b5d8f/uploads/2025/05/202505211384604661.pdf (Caused by NameResolutionError(""<urllib3.connection.HTTPSConnection object at 0x000001605EB896D0>: Failed to resolve 'cdnbbsr.s3waas.gov.in' ([Errno 11001] getaddrinfo failed)""))",merged_links_legislative.csv
https://lddashboard.legislative.gov.in/sites/default/files/The%20Constitution%20of%20Indian.pdf,Exception,"HTTPSConnectionPool(host='lddashboard.legislative.gov.in', port=443): Max retries exceeded with url: /sites/default/files/The%20Constitution%20of%20Indian.pdf (Caused by NameResolutionError(""<urllib3.connection.HTTPSConnection object at 0x000001605EB73A10>: Failed to resolve 'lddashboard.legislative.gov.in' ([Errno 11001] getaddrinfo failed)""))",merged_links_legislative.csv
https://cdnbbsr.s3waas.gov.in/s380537a945c7aaa788ccfcdf1b99b5d8f/uploads/2023/03/2023030264.pdf,Exception,"HTTPSConnectionPool(host='cdnbbsr.s3waas.gov.in', port=443): Max retries exceeded with url: /s380537a945c7aaa788ccfcdf1b99b5d8f/uploads/2023/03/2023030264.pdf (Caused by NameResolutionError(""<urllib3.connection.HTTPSConnection object at 0x000001605EB8A290>: Failed to resolve 'cdnbbsr.s3waas.gov.in' ([Errno 11001] getaddrinfo failed)""))",merged_links_legislative.csv
https://cdnbbsr.s3waas.gov.in/s380537a945c7aaa788ccfcdf1b99b5d8f/uploads/2023/01/2023012749-2.pdf,Exception,"HTTPSConnectionPool(host='cdnbbsr.s3waas.gov.in', port=443): Max retries exceeded with url: /s380537a945c7aaa788ccfcdf1b99b5d8f/uploads/2023/01/2023012749-2.pdf (Caused by NameResolutionError(""<urllib3.connection.HTTPSConnection object at 0x000001605EBB9650>: Failed to resolve 'cdnbbsr.s3waas.gov.in' ([Errno 11001] getaddrinfo failed)""))",merged_links_legislative.csv
https://cdnbbsr.s3waas.gov.in/s380537a945c7aaa788ccfcdf1b99b5d8f/uploads/2023/02/2023021056-2.pdf,Exception,"HTTPSConnectionPool(host='cdnbbsr.s3waas.gov.in', port=443): Max retries exceeded with url: /s380537a945c7aaa788ccfcdf1b99b5d8f/uploads/2023/02/2023021056-2.pdf (Caused by NameResolutionError(""<urllib3.connection.HTTPSConnection object at 0x000001605EB8B490>: Failed to resolve 'cdnbbsr.s3waas.gov.in' ([Errno 11001] getaddrinfo failed)""))",merged_links_legislative.csv
https://cdnbbsr.s3waas.gov.in/s380537a945c7aaa788ccfcdf1b99b5d8f/uploads/2023/02/2023021758-8.pdf,Exception,"HTTPSConnectionPool(host='cdnbbsr.s3waas.gov.in', port=443): Max retries exceeded with url: /s380537a945c7aaa788ccfcdf1b99b5d8f/uploads/2023/02/2023021758-8.pdf (Caused by NameResolutionError(""<urllib3.connection.HTTPSConnection object at 0x000001605EBB8CD0>: Failed to resolve 'cdnbbsr.s3waas.gov.in' ([Errno 11001] getaddrinfo failed)""))",merged_links_legislative.csv
https://cdnbbsr.s3waas.gov.in/s380537a945c7aaa788ccfcdf1b99b5d8f/uploads/2023/01/2023010671.pdf,Exception,"HTTPSConnectionPool(host='cdnbbsr.s3waas.gov.in', port=443): Max retries exceeded with url: /s380537a945c7aaa788ccfcdf1b99b5d8f/uploads/2023/01/2023010671.pdf (Caused by NameResolutionError(""<urllib3.connection.HTTPSConnection object at 0x000001605EBC8650>: Failed to resolve 'cdnbbsr.s3waas.gov.in' ([Errno 11001] getaddrinfo failed)""))",merged_links_legislative.csv
https://lddashboard.legislative.gov.in/sites/default/files/legislative_references/ord1986%20to%201995_0.pdf,Exception,"HTTPSConnectionPool(host='lddashboard.legislative.gov.in', port=443): Max retries exceeded with url: /sites/default/files/legislative_references/ord1986%20to%201995_0.pdf (Caused by NameResolutionError(""<urllib3.connection.HTTPSConnection object at 0x000001605EBC8190>: Failed to resolve 'lddashboard.legislative.gov.in' ([Errno 11001] getaddrinfo failed)""))",merged_links_legislative.csv
https://cdnbbsr.s3waas.gov.in/s380537a945c7aaa788ccfcdf1b99b5d8f/uploads/2023/01/2023011047-3.pdf,Exception,"HTTPSConnectionPool(host='cdnbbsr.s3waas.gov.in', port=443): Max retries exceeded with url: /s380537a945c7aaa788ccfcdf1b99b5d8f/uploads/2023/01/2023011047-3.pdf (Caused by NameResolutionError(""<urllib3.connection.HTTPSConnection object at 0x000001605EBCBB10>: Failed to resolve 'cdnbbsr.s3waas.gov.in' ([Errno 11001] getaddrinfo failed)""))",merged_links_legislative.csv
https://cdnbbsr.s3waas.gov.in/s380537a945c7aaa788ccfcdf1b99b5d8f/uploads/2023/03/2023030670-1.pdf,Exception,"HTTPSConnectionPool(host='cdnbbsr.s3waas.gov.in', port=443): Max retries exceeded with url: /s380537a945c7aaa788ccfcdf1b99b5d8f/uploads/2023/03/2023030670-1.pdf (Caused by NameResolutionError(""<urllib3.connection.HTTPSConnection object at 0x000001605EBC9A90>: Failed to resolve 'cdnbbsr.s3waas.gov.in' ([Errno 11001] getaddrinfo failed)""))",merged_links_legislative.csv
https://cdnbbsr.s3waas.gov.in/s380537a945c7aaa788ccfcdf1b99b5d8f/uploads/2023/01/2023010370.pdf,Exception,"HTTPSConnectionPool(host='cdnbbsr.s3waas.gov.in', port=443): Max retries exceeded with url: /s380537a945c7aaa788ccfcdf1b99b5d8f/uploads/2023/01/2023010370.pdf (Caused by NameResolutionError(""<urllib3.connection.HTTPSConnection object at 0x000001605EBBA750>: Failed to resolve 'cdnbbsr.s3waas.gov.in' ([Errno 11001] getaddrinfo failed)""))",merged_links_legislative.csv
https://cdnbbsr.s3waas.gov.in/s380537a945c7aaa788ccfcdf1b99b5d8f/uploads/2023/01/2023010987.pdf,Exception,"HTTPSConnectionPool(host='cdnbbsr.s3waas.gov.in', port=443): Max retries exceeded with url: /s380537a945c7aaa788ccfcdf1b99b5d8f/uploads/2023/01/2023010987.pdf (Caused by NameResolutionError(""<urllib3.connection.HTTPSConnection object at 0x000001605EB8B9D0>: Failed to resolve 'cdnbbsr.s3waas.gov.in' ([Errno 11001] getaddrinfo failed)""))",merged_links_legislative.csv
https://cdnbbsr.s3waas.gov.in/s380537a945c7aaa788ccfcdf1b99b5d8f/uploads/2025/07/20250725345893568.pdf,Exception,"HTTPSConnectionPool(host='cdnbbsr.s3waas.gov.in', port=443): Max retries exceeded with url: /s380537a945c7aaa788ccfcdf1b99b5d8f/uploads/2025/07/20250725345893568.pdf (Caused by NameResolutionError(""<urllib3.connection.HTTPSConnection object at 0x000001605EB88C10>: Failed to resolve 'cdnbbsr.s3waas.gov.in' ([Errno 11001] getaddrinfo failed)""))",merged_links_legislative.csv
https://cdnbbsr.s3waas.gov.in/s380537a945c7aaa788ccfcdf1b99b5d8f/uploads/2023/01/2023011853.pdf,Exception,"HTTPSConnectionPool(host='cdnbbsr.s3waas.gov.in', port=443): Max retries exceeded with url: /s380537a945c7aaa788ccfcdf1b99b5d8f/uploads/2023/01/2023011853.pdf (Caused by NameResolutionError(""<urllib3.connection.HTTPSConnection object at 0x000001605EB8A190>: Failed to resolve 'cdnbbsr.s3waas.gov.in' ([Errno 11001] getaddrinfo failed)""))",merged_links_legislative.csv
https://cdnbbsr.s3waas.gov.in/s380537a945c7aaa788ccfcdf1b99b5d8f/uploads/2023/01/2023011127-1.pdf,Exception,"HTTPSConnectionPool(host='cdnbbsr.s3waas.gov.in', port=443): Max retries exceeded with url: /s380537a945c7aaa788ccfcdf1b99b5d8f/uploads/2023/01/2023011127-1.pdf (Caused by NameResolutionError(""<urllib3.connection.HTTPSConnection object at 0x000001605EB88B90>: Failed to resolve 'cdnbbsr.s3waas.gov.in' ([Errno 11001] getaddrinfo failed)""))",merged_links_legislative.csv
https://cdnbbsr.s3waas.gov.in/s380537a945c7aaa788ccfcdf1b99b5d8f/uploads/2023/02/2023022048.pdf,Exception,"HTTPSConnectionPool(host='cdnbbsr.s3waas.gov.in', port=443): Max retries exceeded with url: /s380537a945c7aaa788ccfcdf1b99b5d8f/uploads/2023/02/2023022048.pdf (Caused by NameResolutionError(""<urllib3.connection.HTTPSConnection object at 0x000001605EB8B650>: Failed to resolve 'cdnbbsr.s3waas.gov.in' ([Errno 11001] getaddrinfo failed)""))",merged_links_legislative.csv
https://cdnbbsr.s3waas.gov.in/s380537a945c7aaa788ccfcdf1b99b5d8f/uploads/2023/01/2023011038-2.pdf,Exception,"HTTPSConnectionPool(host='cdnbbsr.s3waas.gov.in', port=443): Max retries exceeded with url: /s380537a945c7aaa788ccfcdf1b99b5d8f/uploads/2023/01/2023011038-2.pdf (Caused by NameResolutionError(""<urllib3.connection.HTTPSConnection object at 0x000001605EB89850>: Failed to resolve 'cdnbbsr.s3waas.gov.in' ([Errno 11001] getaddrinfo failed)""))",merged_links_legislative.csv
https://cdnbbsr.s3waas.gov.in/s380537a945c7aaa788ccfcdf1b99b5d8f/uploads/2023/03/2023030692-1.pdf,Exception,"HTTPSConnectionPool(host='cdnbbsr.s3waas.gov.in', port=443): Max retries exceeded with url: /s380537a945c7aaa788ccfcdf1b99b5d8f/uploads/2023/03/2023030692-1.pdf (Caused by NameResolutionError(""<urllib3.connection.HTTPSConnection object at 0x000001605EB71510>: Failed to resolve 'cdnbbsr.s3waas.gov.in' ([Errno 11001] getaddrinfo failed)""))",merged_links_legislative.csv
https://cdnbbsr.s3waas.gov.in/s380537a945c7aaa788ccfcdf1b99b5d8f/uploads/2023/01/2023012758.pdf,Exception,"HTTPSConnectionPool(host='cdnbbsr.s3waas.gov.in', port=443): Max retries exceeded with url: /s380537a945c7aaa788ccfcdf1b99b5d8f/uploads/2023/01/2023012758.pdf (Caused by NameResolutionError(""<urllib3.connection.HTTPSConnection object at 0x000001605EB8DED0>: Failed to resolve 'cdnbbsr.s3waas.gov.in' ([Errno 11001] getaddrinfo failed)""))",merged_links_legislative.csv
https://lddashboard.legislative.gov.in/sites/default/files/Dandik%20March%2C%2019.pdf,Exception,"HTTPSConnectionPool(host='lddashboard.legislative.gov.in', port=443): Max retries exceeded with url: /sites/default/files/Dandik%20March%2C%2019.pdf (Caused by NameResolutionError(""<urllib3.connection.HTTPSConnection object at 0x000001605E94DB50>: Failed to resolve 'lddashboard.legislative.gov.in' ([Errno 11001] getaddrinfo failed)""))",merged_links_legislative.csv
https://cdnbbsr.s3waas.gov.in/s380537a945c7aaa788ccfcdf1b99b5d8f/uploads/2023/01/2023010984.pdf,Exception,"HTTPSConnectionPool(host='cdnbbsr.s3waas.gov.in', port=443): Max retries exceeded with url: /s380537a945c7aaa788ccfcdf1b99b5d8f/uploads/2023/01/2023010984.pdf (Caused by NameResolutionError(""<urllib3.connection.HTTPSConnection object at 0x000001605EB73090>: Failed to resolve 'cdnbbsr.s3waas.gov.in' ([Errno 11001] getaddrinfo failed)""))",merged_links_legislative.csv
https://cdnbbsr.s3waas.gov.in/s380537a945c7aaa788ccfcdf1b99b5d8f/uploads/2023/03/2023030365-3.pdf,Exception,"HTTPSConnectionPool(host='cdnbbsr.s3waas.gov.in', port=443): Max retries exceeded with url: /s380537a945c7aaa788ccfcdf1b99b5d8f/uploads/2023/03/2023030365-3.pdf (Caused by NameResolutionError(""<urllib3.connection.HTTPSConnection object at 0x000001605EB219D0>: Failed to resolve 'cdnbbsr.s3waas.gov.in' ([Errno 11001] getaddrinfo failed)""))",merged_links_legislative.csv
https://cdnbbsr.s3waas.gov.in/s380537a945c7aaa788ccfcdf1b99b5d8f/uploads/2023/03/2023030390-2.pdf,Exception,"HTTPSConnectionPool(host='cdnbbsr.s3waas.gov.in', port=443): Max retries exceeded with url: /s380537a945c7aaa788ccfcdf1b99b5d8f/uploads/2023/03/2023030390-2.pdf (Caused by NameResolutionError(""<urllib3.connection.HTTPSConnection object at 0x000001605EB8FC10>: Failed to resolve 'cdnbbsr.s3waas.gov.in' ([Errno 11001] getaddrinfo failed)""))",merged_links_legislative.csv
https://cdnbbsr.s3waas.gov.in/s380537a945c7aaa788ccfcdf1b99b5d8f/uploads/2023/01/2023010910-1.pdf,Exception,"HTTPSConnectionPool(host='cdnbbsr.s3waas.gov.in', port=443): Max retries exceeded with url: /s380537a945c7aaa788ccfcdf1b99b5d8f/uploads/2023/01/2023010910-1.pdf (Caused by NameResolutionError(""<urllib3.connection.HTTPSConnection object at 0x000001605EB8FA90>: Failed to resolve 'cdnbbsr.s3waas.gov.in' ([Errno 11001] getaddrinfo failed)""))",merged_links_legislative.csv
https://cdnbbsr.s3waas.gov.in/s380537a945c7aaa788ccfcdf1b99b5d8f/uploads/2023/01/2023011179-1.pdf,Exception,"HTTPSConnectionPool(host='cdnbbsr.s3waas.gov.in', port=443): Max retries exceeded with url: /s380537a945c7aaa788ccfcdf1b99b5d8f/uploads/2023/01/2023011179-1.pdf (Caused by NameResolutionError(""<urllib3.connection.HTTPSConnection object at 0x000001605EB8D550>: Failed to resolve 'cdnbbsr.s3waas.gov.in' ([Errno 11001] getaddrinfo failed)""))",merged_links_legislative.csv
https://cdnbbsr.s3waas.gov.in/s380537a945c7aaa788ccfcdf1b99b5d8f/uploads/2022/12/2022122219.pdf,Exception,"HTTPSConnectionPool(host='cdnbbsr.s3waas.gov.in', port=443): Max retries exceeded with url: /s380537a945c7aaa788ccfcdf1b99b5d8f/uploads/2022/12/2022122219.pdf (Caused by NameResolutionError(""<urllib3.connection.HTTPSConnection object at 0x000001605EB8AC90>: Failed to resolve 'cdnbbsr.s3waas.gov.in' ([Errno 11001] getaddrinfo failed)""))",merged_links_legislative.csv
https://cdnbbsr.s3waas.gov.in/s380537a945c7aaa788ccfcdf1b99b5d8f/uploads/2023/01/2023011282.pdf,Exception,"HTTPSConnectionPool(host='cdnbbsr.s3waas.gov.in', port=443): Max retries exceeded with url: /s380537a945c7aaa788ccfcdf1b99b5d8f/uploads/2023/01/2023011282.pdf (Caused by NameResolutionError(""<urllib3.connection.HTTPSConnection object at 0x000001605EB8A250>: Failed to resolve 'cdnbbsr.s3waas.gov.in' ([Errno 11001] getaddrinfo failed)""))",merged_links_legislative.csv
https://cdnbbsr.s3waas.gov.in/s380537a945c7aaa788ccfcdf1b99b5d8f/uploads/2023/01/2023012776.pdf,Exception,"HTTPSConnectionPool(host='cdnbbsr.s3waas.gov.in', port=443): Max retries exceeded with url: /s380537a945c7aaa788ccfcdf1b99b5d8f/uploads/2023/01/2023012776.pdf (Caused by NameResolutionError(""<urllib3.connection.HTTPSConnection object at 0x000001605EB8BAD0>: Failed to resolve 'cdnbbsr.s3waas.gov.in' ([Errno 11001] getaddrinfo failed)""))",merged_links_legislative.csv
https://cdnbbsr.s3waas.gov.in/s380537a945c7aaa788ccfcdf1b99b5d8f/uploads/2023/02/2023021797.pdf,Exception,"HTTPSConnectionPool(host='cdnbbsr.s3waas.gov.in', port=443): Max retries exceeded with url: /s380537a945c7aaa788ccfcdf1b99b5d8f/uploads/2023/02/2023021797.pdf (Caused by NameResolutionError(""<urllib3.connection.HTTPSConnection object at 0x000001605EBCAA90>: Failed to resolve 'cdnbbsr.s3waas.gov.in' ([Errno 11001] getaddrinfo failed)""))",merged_links_legislative.csv
https://cdnbbsr.s3waas.gov.in/s380537a945c7aaa788ccfcdf1b99b5d8f/uploads/2023/02/2023021752-3.pdf,Exception,"HTTPSConnectionPool(host='cdnbbsr.s3waas.gov.in', port=443): Max retries exceeded with url: /s380537a945c7aaa788ccfcdf1b99b5d8f/uploads/2023/02/2023021752-3.pdf (Caused by NameResolutionError(""<urllib3.connection.HTTPSConnection object at 0x000001605EBB8290>: Failed to resolve 'cdnbbsr.s3waas.gov.in' ([Errno 11001] getaddrinfo failed)""))",merged_links_legislative.csv
https://cdnbbsr.s3waas.gov.in/s380537a945c7aaa788ccfcdf1b99b5d8f/uploads/2023/03/2023030323-7.pdf,Exception,"HTTPSConnectionPool(host='cdnbbsr.s3waas.gov.in', port=443): Max retries exceeded with url: /s380537a945c7aaa788ccfcdf1b99b5d8f/uploads/2023/03/2023030323-7.pdf (Caused by NameResolutionError(""<urllib3.connection.HTTPSConnection object at 0x000001605EBBB4D0>: Failed to resolve 'cdnbbsr.s3waas.gov.in' ([Errno 11001] getaddrinfo failed)""))",merged_links_legislative.csv
https://cdnbbsr.s3waas.gov.in/s380537a945c7aaa788ccfcdf1b99b5d8f/uploads/2023/02/2023021737-6.pdf,Exception,"HTTPSConnectionPool(host='cdnbbsr.s3waas.gov.in', port=443): Max retries exceeded with url: /s380537a945c7aaa788ccfcdf1b99b5d8f/uploads/2023/02/2023021737-6.pdf (Caused by NameResolutionError(""<urllib3.connection.HTTPSConnection object at 0x000001605EBC9890>: Failed to resolve 'cdnbbsr.s3waas.gov.in' ([Errno 11001] getaddrinfo failed)""))",merged_links_legislative.csv
https://lddashboard.legislative.gov.in/sites/default/files/CR-MAR-2014.pdf,Exception,"HTTPSConnectionPool(host='lddashboard.legislative.gov.in', port=443): Max retries exceeded with url: /sites/default/files/CR-MAR-2014.pdf (Caused by NameResolutionError(""<urllib3.connection.HTTPSConnection object at 0x000001605EB8AD50>: Failed to resolve 'lddashboard.legislative.gov.in' ([Errno 11001] getaddrinfo failed)""))",merged_links_legislative.csv
https://cdnbbsr.s3waas.gov.in/s380537a945c7aaa788ccfcdf1b99b5d8f/uploads/2024/05/202405141270500182.pdf,Exception,"HTTPSConnectionPool(host='cdnbbsr.s3waas.gov.in', port=443): Max retries exceeded with url: /s380537a945c7aaa788ccfcdf1b99b5d8f/uploads/2024/05/202405141270500182.pdf (Caused by NameResolutionError(""<urllib3.connection.HTTPSConnection object at 0x000001605EB88C90>: Failed to resolve 'cdnbbsr.s3waas.gov.in' ([Errno 11001] getaddrinfo failed)""))",merged_links_legislative.csv
https://cdnbbsr.s3waas.gov.in/s380537a945c7aaa788ccfcdf1b99b5d8f/uploads/2023/01/2023011821-1.pdf,Exception,"HTTPSConnectionPool(host='cdnbbsr.s3waas.gov.in', port=443): Max retries exceeded with url: /s380537a945c7aaa788ccfcdf1b99b5d8f/uploads/2023/01/2023011821-1.pdf (Caused by NameResolutionError(""<urllib3.connection.HTTPSConnection object at 0x000001605EBC9990>: Failed to resolve 'cdnbbsr.s3waas.gov.in' ([Errno 11001] getaddrinfo failed)""))",merged_links_legislative.csv
https://cdnbbsr.s3waas.gov.in/s380537a945c7aaa788ccfcdf1b99b5d8f/uploads/2023/03/2023030280.pdf,Exception,"HTTPSConnectionPool(host='cdnbbsr.s3waas.gov.in', port=443): Max retries exceeded with url: /s380537a945c7aaa788ccfcdf1b99b5d8f/uploads/2023/03/2023030280.pdf (Caused by NameResolutionError(""<urllib3.connection.HTTPSConnection object at 0x000001605EB8AC50>: Failed to resolve 'cdnbbsr.s3waas.gov.in' ([Errno 11001] getaddrinfo failed)""))",merged_links_legislative.csv
https://cdnbbsr.s3waas.gov.in/s380537a945c7aaa788ccfcdf1b99b5d8f/uploads/2023/02/2023021783-3.pdf,Exception,"HTTPSConnectionPool(host='cdnbbsr.s3waas.gov.in', port=443): Max retries exceeded with url: /s380537a945c7aaa788ccfcdf1b99b5d8f/uploads/2023/02/2023021783-3.pdf (Caused by NameResolutionError(""<urllib3.connection.HTTPSConnection object at 0x000001605EB892D0>: Failed to resolve 'cdnbbsr.s3waas.gov.in' ([Errno 11001] getaddrinfo failed)""))",merged_links_legislative.csv
https://lddashboard.legislative.gov.in/sites/default/files/legislative_references/Reg.%201969%20to%201975.pdf,Exception,"HTTPSConnectionPool(host='lddashboard.legislative.gov.in', port=443): Max retries exceeded with url: /sites/default/files/legislative_references/Reg.%201969%20to%201975.pdf (Caused by NameResolutionError(""<urllib3.connection.HTTPSConnection object at 0x000001605EB8E410>: Failed to resolve 'lddashboard.legislative.gov.in' ([Errno 11001] getaddrinfo failed)""))",merged_links_legislative.csv
https://cdnbbsr.s3waas.gov.in/s380537a945c7aaa788ccfcdf1b99b5d8f/uploads/2023/02/2023021737-1.pdf,Exception,"HTTPSConnectionPool(host='cdnbbsr.s3waas.gov.in', port=443): Max retries exceeded with url: /s380537a945c7aaa788ccfcdf1b99b5d8f/uploads/2023/02/2023021737-1.pdf (Caused by NameResolutionError(""<urllib3.connection.HTTPSConnection object at 0x000001605EB8DC50>: Failed to resolve 'cdnbbsr.s3waas.gov.in' ([Errno 11001] getaddrinfo failed)""))",merged_links_legislative.csv
https://cdnbbsr.s3waas.gov.in/s380537a945c7aaa788ccfcdf1b99b5d8f/uploads/2023/03/2023030333-2.pdf,Exception,"HTTPSConnectionPool(host='cdnbbsr.s3waas.gov.in', port=443): Max retries exceeded with url: /s380537a945c7aaa788ccfcdf1b99b5d8f/uploads/2023/03/2023030333-2.pdf (Caused by NameResolutionError(""<urllib3.connection.HTTPSConnection object at 0x000001605EB8CC10>: Failed to resolve 'cdnbbsr.s3waas.gov.in' ([Errno 11001] getaddrinfo failed)""))",merged_links_legislative.csv
https://cdnbbsr.s3waas.gov.in/s380537a945c7aaa788ccfcdf1b99b5d8f/uploads/2023/03/2023030288-2.pdf,Exception,"HTTPSConnectionPool(host='cdnbbsr.s3waas.gov.in', port=443): Max retries exceeded with url: /s380537a945c7aaa788ccfcdf1b99b5d8f/uploads/2023/03/2023030288-2.pdf (Caused by NameResolutionError(""<urllib3.connection.HTTPSConnection object at 0x000001605EB70710>: Failed to resolve 'cdnbbsr.s3waas.gov.in' ([Errno 11001] getaddrinfo failed)""))",merged_links_legislative.csv
https://cdnbbsr.s3waas.gov.in/s380537a945c7aaa788ccfcdf1b99b5d8f/uploads/2023/01/2023010640-1.pdf,Exception,"HTTPSConnectionPool(host='cdnbbsr.s3waas.gov.in', port=443): Max retries exceeded with url: /s380537a945c7aaa788ccfcdf1b99b5d8f/uploads/2023/01/2023010640-1.pdf (Caused by NameResolutionError(""<urllib3.connection.HTTPSConnection object at 0x000001605EB72490>: Failed to resolve 'cdnbbsr.s3waas.gov.in' ([Errno 11001] getaddrinfo failed)""))",merged_links_legislative.csv
https://lddashboard.legislative.gov.in/sites/default/files/C-MAR-2020.pdf,Exception,"HTTPSConnectionPool(host='lddashboard.legislative.gov.in', port=443): Max retries exceeded with url: /sites/default/files/C-MAR-2020.pdf (Caused by NameResolutionError(""<urllib3.connection.HTTPSConnection object at 0x000001605EB4B3D0>: Failed to resolve 'lddashboard.legislative.gov.in' ([Errno 11001] getaddrinfo failed)""))",merged_links_legislative.csv
https://cdnbbsr.s3waas.gov.in/s380537a945c7aaa788ccfcdf1b99b5d8f/uploads/2023/01/2023010348.pdf,Exception,"HTTPSConnectionPool(host='cdnbbsr.s3waas.gov.in', port=443): Max retries exceeded with url: /s380537a945c7aaa788ccfcdf1b99b5d8f/uploads/2023/01/2023010348.pdf (Caused by NameResolutionError(""<urllib3.connection.HTTPSConnection object at 0x000001605EB8EDD0>: Failed to resolve 'cdnbbsr.s3waas.gov.in' ([Errno 11001] getaddrinfo failed)""))",merged_links_legislative.csv
https://cdnbbsr.s3waas.gov.in/s380537a945c7aaa788ccfcdf1b99b5d8f/uploads/2023/01/2023011278.pdf,Exception,"HTTPSConnectionPool(host='cdnbbsr.s3waas.gov.in', port=443): Max retries exceeded with url: /s380537a945c7aaa788ccfcdf1b99b5d8f/uploads/2023/01/2023011278.pdf (Caused by NameResolutionError(""<urllib3.connection.HTTPSConnection object at 0x000001605EB8F190>: Failed to resolve 'cdnbbsr.s3waas.gov.in' ([Errno 11001] getaddrinfo failed)""))",merged_links_legislative.csv
https://cdnbbsr.s3waas.gov.in/s380537a945c7aaa788ccfcdf1b99b5d8f/uploads/2023/01/2023011142.pdf,Exception,"HTTPSConnectionPool(host='cdnbbsr.s3waas.gov.in', port=443): Max retries exceeded with url: /s380537a945c7aaa788ccfcdf1b99b5d8f/uploads/2023/01/2023011142.pdf (Caused by NameResolutionError(""<urllib3.connection.HTTPSConnection object at 0x000001605EB8D6D0>: Failed to resolve 'cdnbbsr.s3waas.gov.in' ([Errno 11001] getaddrinfo failed)""))",merged_links_legislative.csv
https://cdnbbsr.s3waas.gov.in/s380537a945c7aaa788ccfcdf1b99b5d8f/uploads/2023/02/2023021039.pdf,Exception,"HTTPSConnectionPool(host='cdnbbsr.s3waas.gov.in', port=443): Max retries exceeded with url: /s380537a945c7aaa788ccfcdf1b99b5d8f/uploads/2023/02/2023021039.pdf (Caused by NameResolutionError(""<urllib3.connection.HTTPSConnection object at 0x000001605EB89F10>: Failed to resolve 'cdnbbsr.s3waas.gov.in' ([Errno 11001] getaddrinfo failed)""))",merged_links_legislative.csv
https://lddashboard.legislative.gov.in/sites/default/files/legislative_references/ORDINANCES-%201980.pdf,Exception,"HTTPSConnectionPool(host='lddashboard.legislative.gov.in', port=443): Max retries exceeded with url: /sites/default/files/legislative_references/ORDINANCES-%201980.pdf (Caused by NameResolutionError(""<urllib3.connection.HTTPSConnection object at 0x000001605EB8B090>: Failed to resolve 'lddashboard.legislative.gov.in' ([Errno 11001] getaddrinfo failed)""))",merged_links_legislative.csv
https://cdnbbsr.s3waas.gov.in/s380537a945c7aaa788ccfcdf1b99b5d8f/uploads/2023/03/2023030396-2.pdf,Exception,"HTTPSConnectionPool(host='cdnbbsr.s3waas.gov.in', port=443): Max retries exceeded with url: /s380537a945c7aaa788ccfcdf1b99b5d8f/uploads/2023/03/2023030396-2.pdf (Caused by NameResolutionError(""<urllib3.connection.HTTPSConnection object at 0x000001605EB887D0>: Failed to resolve 'cdnbbsr.s3waas.gov.in' ([Errno 11001] getaddrinfo failed)""))",merged_links_legislative.csv
https://cdnbbsr.s3waas.gov.in/s380537a945c7aaa788ccfcdf1b99b5d8f/uploads/2023/02/2023021789.pdf,Exception,"HTTPSConnectionPool(host='cdnbbsr.s3waas.gov.in', port=443): Max retries exceeded with url: /s380537a945c7aaa788ccfcdf1b99b5d8f/uploads/2023/02/2023021789.pdf (Caused by NameResolutionError(""<urllib3.connection.HTTPSConnection object at 0x000001605EBCB310>: Failed to resolve 'cdnbbsr.s3waas.gov.in' ([Errno 11001] getaddrinfo failed)""))",merged_links_legislative.csv
https://cdnbbsr.s3waas.gov.in/s380537a945c7aaa788ccfcdf1b99b5d8f/uploads/2023/03/2023030234.pdf,Exception,"HTTPSConnectionPool(host='cdnbbsr.s3waas.gov.in', port=443): Max retries exceeded with url: /s380537a945c7aaa788ccfcdf1b99b5d8f/uploads/2023/03/2023030234.pdf (Caused by NameResolutionError(""<urllib3.connection.HTTPSConnection object at 0x000001605EBC8490>: Failed to resolve 'cdnbbsr.s3waas.gov.in' ([Errno 11001] getaddrinfo failed)""))",merged_links_legislative.csv
https://lddashboard.legislative.gov.in/sites/default/files/Civil%20Nov.%202018.pdf,Exception,"HTTPSConnectionPool(host='lddashboard.legislative.gov.in', port=443): Max retries exceeded with url: /sites/default/files/Civil%20Nov.%202018.pdf (Caused by NameResolutionError(""<urllib3.connection.HTTPSConnection object at 0x000001605EBA8ED0>: Failed to resolve 'lddashboard.legislative.gov.in' ([Errno 11001] getaddrinfo failed)""))",merged_links_legislative.csv
https://cdnbbsr.s3waas.gov.in/s380537a945c7aaa788ccfcdf1b99b5d8f/uploads/2023/02/2023021762-1.pdf,Exception,"HTTPSConnectionPool(host='cdnbbsr.s3waas.gov.in', port=443): Max retries exceeded with url: /s380537a945c7aaa788ccfcdf1b99b5d8f/uploads/2023/02/2023021762-1.pdf (Caused by NameResolutionError(""<urllib3.connection.HTTPSConnection object at 0x000001605EBB9890>: Failed to resolve 'cdnbbsr.s3waas.gov.in' ([Errno 11001] getaddrinfo failed)""))",merged_links_legislative.csv
https://cdnbbsr.s3waas.gov.in/s380537a945c7aaa788ccfcdf1b99b5d8f/uploads/2024/08/20240823159899683.pdf,Exception,"HTTPSConnectionPool(host='cdnbbsr.s3waas.gov.in', port=443): Max retries exceeded with url: /s380537a945c7aaa788ccfcdf1b99b5d8f/uploads/2024/08/20240823159899683.pdf (Caused by NameResolutionError(""<urllib3.connection.HTTPSConnection object at 0x000001605EBCAB10>: Failed to resolve 'cdnbbsr.s3waas.gov.in' ([Errno 11001] getaddrinfo failed)""))",merged_links_legislative.csv
https://cdnbbsr.s3waas.gov.in/s380537a945c7aaa788ccfcdf1b99b5d8f/uploads/2023/03/2023030349.pdf,Exception,"HTTPSConnectionPool(host='cdnbbsr.s3waas.gov.in', port=443): Max retries exceeded with url: /s380537a945c7aaa788ccfcdf1b99b5d8f/uploads/2023/03/2023030349.pdf (Caused by NameResolutionError(""<urllib3.connection.HTTPSConnection object at 0x000001605EBAA7D0>: Failed to resolve 'cdnbbsr.s3waas.gov.in' ([Errno 11001] getaddrinfo failed)""))",merged_links_legislative.csv
https://cdnbbsr.s3waas.gov.in/s380537a945c7aaa788ccfcdf1b99b5d8f/uploads/2023/03/2023030232.pdf,Exception,"HTTPSConnectionPool(host='cdnbbsr.s3waas.gov.in', port=443): Max retries exceeded with url: /s380537a945c7aaa788ccfcdf1b99b5d8f/uploads/2023/03/2023030232.pdf (Caused by NameResolutionError(""<urllib3.connection.HTTPSConnection object at 0x000001605EBABD90>: Failed to resolve 'cdnbbsr.s3waas.gov.in' ([Errno 11001] getaddrinfo failed)""))",merged_links_legislative.csv
https://cdnbbsr.s3waas.gov.in/s380537a945c7aaa788ccfcdf1b99b5d8f/uploads/2025/08/202510231796045443.pdf,Exception,"HTTPSConnectionPool(host='cdnbbsr.s3waas.gov.in', port=443): Max retries exceeded with url: /s380537a945c7aaa788ccfcdf1b99b5d8f/uploads/2025/08/202510231796045443.pdf (Caused by NameResolutionError(""<urllib3.connection.HTTPSConnection object at 0x000001605EBAB290>: Failed to resolve 'cdnbbsr.s3waas.gov.in' ([Errno 11001] getaddrinfo failed)""))",merged_links_legislative.csv
https://cdnbbsr.s3waas.gov.in/s380537a945c7aaa788ccfcdf1b99b5d8f/uploads/2023/03/2023030376-3.pdf,Exception,"HTTPSConnectionPool(host='cdnbbsr.s3waas.gov.in', port=443): Max retries exceeded with url: /s380537a945c7aaa788ccfcdf1b99b5d8f/uploads/2023/03/2023030376-3.pdf (Caused by NameResolutionError(""<urllib3.connection.HTTPSConnection object at 0x000001605EB8AD50>: Failed to resolve 'cdnbbsr.s3waas.gov.in' ([Errno 11001] getaddrinfo failed)""))",merged_links_legislative.csv
https://cdnbbsr.s3waas.gov.in/s380537a945c7aaa788ccfcdf1b99b5d8f/uploads/2023/03/2023030383-2.pdf,Exception,"HTTPSConnectionPool(host='cdnbbsr.s3waas.gov.in', port=443): Max retries exceeded with url: /s380537a945c7aaa788ccfcdf1b99b5d8f/uploads/2023/03/2023030383-2.pdf (Caused by NameResolutionError(""<urllib3.connection.HTTPSConnection object at 0x000001605EB88C10>: Failed to resolve 'cdnbbsr.s3waas.gov.in' ([Errno 11001] getaddrinfo failed)""))",merged_links_legislative.csv
https://cdnbbsr.s3waas.gov.in/s380537a945c7aaa788ccfcdf1b99b5d8f/uploads/2023/01/2023012768-1.pdf,Exception,"HTTPSConnectionPool(host='cdnbbsr.s3waas.gov.in', port=443): Max retries exceeded with url: /s380537a945c7aaa788ccfcdf1b99b5d8f/uploads/2023/01/2023012768-1.pdf (Caused by NameResolutionError(""<urllib3.connection.HTTPSConnection object at 0x000001605EB8D1D0>: Failed to resolve 'cdnbbsr.s3waas.gov.in' ([Errno 11001] getaddrinfo failed)""))",merged_links_legislative.csv
https://cdnbbsr.s3waas.gov.in/s380537a945c7aaa788ccfcdf1b99b5d8f/uploads/2024/03/202403051751562557.pdf,Exception,"HTTPSConnectionPool(host='cdnbbsr.s3waas.gov.in', port=443): Max retries exceeded with url: /s380537a945c7aaa788ccfcdf1b99b5d8f/uploads/2024/03/202403051751562557.pdf (Caused by NameResolutionError(""<urllib3.connection.HTTPSConnection object at 0x000001605EB8A190>: Failed to resolve 'cdnbbsr.s3waas.gov.in' ([Errno 11001] getaddrinfo failed)""))",merged_links_legislative.csv
https://lddashboard.legislative.gov.in/sites/default/files/C-AUG-2019.pdf,Exception,"HTTPSConnectionPool(host='lddashboard.legislative.gov.in', port=443): Max retries exceeded with url: /sites/default/files/C-AUG-2019.pdf (Caused by NameResolutionError(""<urllib3.connection.HTTPSConnection object at 0x000001605EB73650>: Failed to resolve 'lddashboard.legislative.gov.in' ([Errno 11001] getaddrinfo failed)""))",merged_links_legislative.csv
https://cdnbbsr.s3waas.gov.in/s380537a945c7aaa788ccfcdf1b99b5d8f/uploads/2023/03/2023030230-1.pdf,Exception,"HTTPSConnectionPool(host='cdnbbsr.s3waas.gov.in', port=443): Max retries exceeded with url: /s380537a945c7aaa788ccfcdf1b99b5d8f/uploads/2023/03/2023030230-1.pdf (Caused by NameResolutionError(""<urllib3.connection.HTTPSConnection object at 0x000001605EB8FBD0>: Failed to resolve 'cdnbbsr.s3waas.gov.in' ([Errno 11001] getaddrinfo failed)""))",merged_links_legislative.csv
https://lddashboard.legislative.gov.in/sites/default/files/Civil%20April-jun%2C%202016.pdf,Exception,"HTTPSConnectionPool(host='lddashboard.legislative.gov.in', port=443): Max retries exceeded with url: /sites/default/files/Civil%20April-jun%2C%202016.pdf (Caused by NameResolutionError(""<urllib3.connection.HTTPSConnection object at 0x000001605EB73090>: Failed to resolve 'lddashboard.legislative.gov.in' ([Errno 11001] getaddrinfo failed)""))",merged_links_legislative.csv
https://cdnbbsr.s3waas.gov.in/s380537a945c7aaa788ccfcdf1b99b5d8f/uploads/2023/01/2023010975.pdf,Exception,"HTTPSConnectionPool(host='cdnbbsr.s3waas.gov.in', port=443): Max retries exceeded with url: /s380537a945c7aaa788ccfcdf1b99b5d8f/uploads/2023/01/2023010975.pdf (Caused by NameResolutionError(""<urllib3.connection.HTTPSConnection object at 0x000001605E94CD50>: Failed to resolve 'cdnbbsr.s3waas.gov.in' ([Errno 11001] getaddrinfo failed)""))",merged_links_legislative.csv
https://cdnbbsr.s3waas.gov.in/s380537a945c7aaa788ccfcdf1b99b5d8f/uploads/2023/01/2023010992-1.pdf,Exception,"HTTPSConnectionPool(host='cdnbbsr.s3waas.gov.in', port=443): Max retries exceeded with url: /s380537a945c7aaa788ccfcdf1b99b5d8f/uploads/2023/01/2023010992-1.pdf (Caused by NameResolutionError(""<urllib3.connection.HTTPSConnection object at 0x000001605EB8EB50>: Failed to resolve 'cdnbbsr.s3waas.gov.in' ([Errno 11001] getaddrinfo failed)""))",merged_links_legislative.csv
https://cdnbbsr.s3waas.gov.in/s380537a945c7aaa788ccfcdf1b99b5d8f/uploads/2023/02/2023021763-3.pdf,Exception,"HTTPSConnectionPool(host='cdnbbsr.s3waas.gov.in', port=443): Max retries exceeded with url: /s380537a945c7aaa788ccfcdf1b99b5d8f/uploads/2023/02/2023021763-3.pdf (Caused by NameResolutionError(""<urllib3.connection.HTTPSConnection object at 0x000001605EB89A90>: Failed to resolve 'cdnbbsr.s3waas.gov.in' ([Errno 11001] getaddrinfo failed)""))",merged_links_legislative.csv
https://lddashboard.legislative.gov.in/sites/default/files/Civil%20Jan-March%2C%202016.pdf,Exception,"HTTPSConnectionPool(host='lddashboard.legislative.gov.in', port=443): Max retries exceeded with url: /sites/default/files/Civil%20Jan-March%2C%202016.pdf (Caused by NameResolutionError(""<urllib3.connection.HTTPSConnection object at 0x000001605EB88C10>: Failed to resolve 'lddashboard.legislative.gov.in' ([Errno 11001] getaddrinfo failed)""))",merged_links_legislative.csv
https://cdnbbsr.s3waas.gov.in/s380537a945c7aaa788ccfcdf1b99b5d8f/uploads/2023/02/2023021763-4.pdf,Exception,"HTTPSConnectionPool(host='cdnbbsr.s3waas.gov.in', port=443): Max retries exceeded with url: /s380537a945c7aaa788ccfcdf1b99b5d8f/uploads/2023/02/2023021763-4.pdf (Caused by NameResolutionError(""<urllib3.connection.HTTPSConnection object at 0x000001605EB88590>: Failed to resolve 'cdnbbsr.s3waas.gov.in' ([Errno 11001] getaddrinfo failed)""))",merged_links_legislative.csv
https://cdnbbsr.s3waas.gov.in/s380537a945c7aaa788ccfcdf1b99b5d8f/uploads/2023/01/2023010968.pdf,Exception,"HTTPSConnectionPool(host='cdnbbsr.s3waas.gov.in', port=443): Max retries exceeded with url: /s380537a945c7aaa788ccfcdf1b99b5d8f/uploads/2023/01/2023010968.pdf (Caused by NameResolutionError(""<urllib3.connection.HTTPSConnection object at 0x000001605EBABA10>: Failed to resolve 'cdnbbsr.s3waas.gov.in' ([Errno 11001] getaddrinfo failed)""))",merged_links_legislative.csv
https://cdnbbsr.s3waas.gov.in/s380537a945c7aaa788ccfcdf1b99b5d8f/uploads/2023/03/2023030314-3.pdf,Exception,"HTTPSConnectionPool(host='cdnbbsr.s3waas.gov.in', port=443): Max retries exceeded with url: /s380537a945c7aaa788ccfcdf1b99b5d8f/uploads/2023/03/2023030314-3.pdf (Caused by NameResolutionError(""<urllib3.connection.HTTPSConnection object at 0x000001605EB8A310>: Failed to resolve 'cdnbbsr.s3waas.gov.in' ([Errno 11001] getaddrinfo failed)""))",merged_links_legislative.csv
https://cdnbbsr.s3waas.gov.in/s380537a945c7aaa788ccfcdf1b99b5d8f/uploads/2023/01/2023011137.pdf,Exception,"HTTPSConnectionPool(host='cdnbbsr.s3waas.gov.in', port=443): Max retries exceeded with url: /s380537a945c7aaa788ccfcdf1b99b5d8f/uploads/2023/01/2023011137.pdf (Caused by NameResolutionError(""<urllib3.connection.HTTPSConnection object at 0x000001605EBA9A10>: Failed to resolve 'cdnbbsr.s3waas.gov.in' ([Errno 11001] getaddrinfo failed)""))",merged_links_legislative.csv
https://cdnbbsr.s3waas.gov.in/s380537a945c7aaa788ccfcdf1b99b5d8f/uploads/2023/03/2023030685-2.pdf,Exception,"HTTPSConnectionPool(host='cdnbbsr.s3waas.gov.in', port=443): Max retries exceeded with url: /s380537a945c7aaa788ccfcdf1b99b5d8f/uploads/2023/03/2023030685-2.pdf (Caused by NameResolutionError(""<urllib3.connection.HTTPSConnection object at 0x000001605EBCA150>: Failed to resolve 'cdnbbsr.s3waas.gov.in' ([Errno 11001] getaddrinfo failed)""))",merged_links_legislative.csv
https://cdnbbsr.s3waas.gov.in/s380537a945c7aaa788ccfcdf1b99b5d8f/uploads/2023/01/2023010641-2.pdf,Exception,"HTTPSConnectionPool(host='cdnbbsr.s3waas.gov.in', port=443): Max retries exceeded with url: /s380537a945c7aaa788ccfcdf1b99b5d8f/uploads/2023/01/2023010641-2.pdf (Caused by NameResolutionError(""<urllib3.connection.HTTPSConnection object at 0x000001605EB6AD50>: Failed to resolve 'cdnbbsr.s3waas.gov.in' ([Errno 11001] getaddrinfo failed)""))",merged_links_legislative.csv
https://cdnbbsr.s3waas.gov.in/s380537a945c7aaa788ccfcdf1b99b5d8f/uploads/2023/03/2023030219-2.pdf,Exception,"HTTPSConnectionPool(host='cdnbbsr.s3waas.gov.in', port=443): Max retries exceeded with url: /s380537a945c7aaa788ccfcdf1b99b5d8f/uploads/2023/03/2023030219-2.pdf (Caused by NameResolutionError(""<urllib3.connection.HTTPSConnection object at 0x000001605EBABB90>: Failed to resolve 'cdnbbsr.s3waas.gov.in' ([Errno 11001] getaddrinfo failed)""))",merged_links_legislative.csv
https://cdnbbsr.s3waas.gov.in/s380537a945c7aaa788ccfcdf1b99b5d8f/uploads/2023/02/2023021074.pdf,Exception,"HTTPSConnectionPool(host='cdnbbsr.s3waas.gov.in', port=443): Max retries exceeded with url: /s380537a945c7aaa788ccfcdf1b99b5d8f/uploads/2023/02/2023021074.pdf (Caused by NameResolutionError(""<urllib3.connection.HTTPSConnection object at 0x000001605EBA9310>: Failed to resolve 'cdnbbsr.s3waas.gov.in' ([Errno 11001] getaddrinfo failed)""))",merged_links_legislative.csv
https://cdnbbsr.s3waas.gov.in/s380537a945c7aaa788ccfcdf1b99b5d8f/uploads/2023/01/2023012748-1.pdf,Exception,"HTTPSConnectionPool(host='cdnbbsr.s3waas.gov.in', port=443): Max retries exceeded with url: /s380537a945c7aaa788ccfcdf1b99b5d8f/uploads/2023/01/2023012748-1.pdf (Caused by NameResolutionError(""<urllib3.connection.HTTPSConnection object at 0x000001605EBC9810>: Failed to resolve 'cdnbbsr.s3waas.gov.in' ([Errno 11001] getaddrinfo failed)""))",merged_links_legislative.csv
https://cdnbbsr.s3waas.gov.in/s380537a945c7aaa788ccfcdf1b99b5d8f/uploads/2023/02/2023021024-3.pdf,Exception,"HTTPSConnectionPool(host='cdnbbsr.s3waas.gov.in', port=443): Max retries exceeded with url: /s380537a945c7aaa788ccfcdf1b99b5d8f/uploads/2023/02/2023021024-3.pdf (Caused by NameResolutionError(""<urllib3.connection.HTTPSConnection object at 0x000001605EB9DD10>: Failed to resolve 'cdnbbsr.s3waas.gov.in' ([Errno 11001] getaddrinfo failed)""))",merged_links_legislative.csv
https://cdnbbsr.s3waas.gov.in/s380537a945c7aaa788ccfcdf1b99b5d8f/uploads/2023/03/2023030337-4.pdf,Exception,"HTTPSConnectionPool(host='cdnbbsr.s3waas.gov.in', port=443): Max retries exceeded with url: /s380537a945c7aaa788ccfcdf1b99b5d8f/uploads/2023/03/2023030337-4.pdf (Caused by NameResolutionError(""<urllib3.connection.HTTPSConnection object at 0x000001605EB9E3D0>: Failed to resolve 'cdnbbsr.s3waas.gov.in' ([Errno 11001] getaddrinfo failed)""))",merged_links_legislative.csv
https://cdnbbsr.s3waas.gov.in/s380537a945c7aaa788ccfcdf1b99b5d8f/uploads/2023/01/2023011068-2.pdf,Exception,"HTTPSConnectionPool(host='cdnbbsr.s3waas.gov.in', port=443): Max retries exceeded with url: /s380537a945c7aaa788ccfcdf1b99b5d8f/uploads/2023/01/2023011068-2.pdf (Caused by NameResolutionError(""<urllib3.connection.HTTPSConnection object at 0x000001605EB9EC90>: Failed to resolve 'cdnbbsr.s3waas.gov.in' ([Errno 11001] getaddrinfo failed)""))",merged_links_legislative.csv
https://cdnbbsr.s3waas.gov.in/s380537a945c7aaa788ccfcdf1b99b5d8f/uploads/2023/01/2023010919.pdf,Exception,"HTTPSConnectionPool(host='cdnbbsr.s3waas.gov.in', port=443): Max retries exceeded with url: /s380537a945c7aaa788ccfcdf1b99b5d8f/uploads/2023/01/2023010919.pdf (Caused by NameResolutionError(""<urllib3.connection.HTTPSConnection object at 0x000001605EB9E590>: Failed to resolve 'cdnbbsr.s3waas.gov.in' ([Errno 11001] getaddrinfo failed)""))",merged_links_legislative.csv
https://cdnbbsr.s3waas.gov.in/s380537a945c7aaa788ccfcdf1b99b5d8f/uploads/2025/02/20250224781050580.pdf,Exception,"HTTPSConnectionPool(host='cdnbbsr.s3waas.gov.in', port=443): Max retries exceeded with url: /s380537a945c7aaa788ccfcdf1b99b5d8f/uploads/2025/02/20250224781050580.pdf (Caused by NameResolutionError(""<urllib3.connection.HTTPSConnection object at 0x000001605EB8A190>: Failed to resolve 'cdnbbsr.s3waas.gov.in' ([Errno 11001] getaddrinfo failed)""))",merged_links_legislative.csv
https://cdnbbsr.s3waas.gov.in/s380537a945c7aaa788ccfcdf1b99b5d8f/uploads/2023/01/2023011930.pdf,Exception,"HTTPSConnectionPool(host='cdnbbsr.s3waas.gov.in', port=443): Max retries exceeded with url: /s380537a945c7aaa788ccfcdf1b99b5d8f/uploads/2023/01/2023011930.pdf (Caused by NameResolutionError(""<urllib3.connection.HTTPSConnection object at 0x000001605EB8DB90>: Failed to resolve 'cdnbbsr.s3waas.gov.in' ([Errno 11001] getaddrinfo failed)""))",merged_links_legislative.csv
https://cdnbbsr.s3waas.gov.in/s380537a945c7aaa788ccfcdf1b99b5d8f/uploads/2023/03/2023030323-6.pdf,Exception,"HTTPSConnectionPool(host='cdnbbsr.s3waas.gov.in', port=443): Max retries exceeded with url: /s380537a945c7aaa788ccfcdf1b99b5d8f/uploads/2023/03/2023030323-6.pdf (Caused by NameResolutionError(""<urllib3.connection.HTTPSConnection object at 0x000001605EB89E10>: Failed to resolve 'cdnbbsr.s3waas.gov.in' ([Errno 11001] getaddrinfo failed)""))",merged_links_legislative.csv
https://cdnbbsr.s3waas.gov.in/s380537a945c7aaa788ccfcdf1b99b5d8f/uploads/2023/01/2023011850-1.pdf,Exception,"HTTPSConnectionPool(host='cdnbbsr.s3waas.gov.in', port=443): Max retries exceeded with url: /s380537a945c7aaa788ccfcdf1b99b5d8f/uploads/2023/01/2023011850-1.pdf (Caused by NameResolutionError(""<urllib3.connection.HTTPSConnection object at 0x000001605EB8E410>: Failed to resolve 'cdnbbsr.s3waas.gov.in' ([Errno 11001] getaddrinfo failed)""))",merged_links_legislative.csv
https://cdnbbsr.s3waas.gov.in/s380537a945c7aaa788ccfcdf1b99b5d8f/uploads/2023/01/2023011246-2.pdf,Exception,"HTTPSConnectionPool(host='cdnbbsr.s3waas.gov.in', port=443): Max retries exceeded with url: /s380537a945c7aaa788ccfcdf1b99b5d8f/uploads/2023/01/2023011246-2.pdf (Caused by NameResolutionError(""<urllib3.connection.HTTPSConnection object at 0x000001605EB4B290>: Failed to resolve 'cdnbbsr.s3waas.gov.in' ([Errno 11001] getaddrinfo failed)""))",merged_links_legislative.csv
https://cdnbbsr.s3waas.gov.in/s380537a945c7aaa788ccfcdf1b99b5d8f/uploads/2024/03/2024030584485347.pdf,Exception,"HTTPSConnectionPool(host='cdnbbsr.s3waas.gov.in', port=443): Max retries exceeded with url: /s380537a945c7aaa788ccfcdf1b99b5d8f/uploads/2024/03/2024030584485347.pdf (Caused by NameResolutionError(""<urllib3.connection.HTTPSConnection object at 0x000001605EB8F610>: Failed to resolve 'cdnbbsr.s3waas.gov.in' ([Errno 11001] getaddrinfo failed)""))",merged_links_legislative.csv
https://cdnbbsr.s3waas.gov.in/s380537a945c7aaa788ccfcdf1b99b5d8f/uploads/2023/02/2023021747-1.pdf,Exception,"HTTPSConnectionPool(host='cdnbbsr.s3waas.gov.in', port=443): Max retries exceeded with url: /s380537a945c7aaa788ccfcdf1b99b5d8f/uploads/2023/02/2023021747-1.pdf (Caused by NameResolutionError(""<urllib3.connection.HTTPSConnection object at 0x000001605EB72210>: Failed to resolve 'cdnbbsr.s3waas.gov.in' ([Errno 11001] getaddrinfo failed)""))",merged_links_legislative.csv
https://lddashboard.legislative.gov.in/sites/default/files/S%20C%20July%2C%202014.pdf,Exception,"HTTPSConnectionPool(host='lddashboard.legislative.gov.in', port=443): Max retries exceeded with url: /sites/default/files/S%20C%20July%2C%202014.pdf (Caused by NameResolutionError(""<urllib3.connection.HTTPSConnection object at 0x000001605EB8A090>: Failed to resolve 'lddashboard.legislative.gov.in' ([Errno 11001] getaddrinfo failed)""))",merged_links_legislative.csv
https://cdnbbsr.s3waas.gov.in/s380537a945c7aaa788ccfcdf1b99b5d8f/uploads/2023/02/2023021797-3.pdf,Exception,"HTTPSConnectionPool(host='cdnbbsr.s3waas.gov.in', port=443): Max retries exceeded with url: /s380537a945c7aaa788ccfcdf1b99b5d8f/uploads/2023/02/2023021797-3.pdf (Caused by NameResolutionError(""<urllib3.connection.HTTPSConnection object at 0x000001605EB33D50>: Failed to resolve 'cdnbbsr.s3waas.gov.in' ([Errno 11001] getaddrinfo failed)""))",merged_links_legislative.csv
https://cdnbbsr.s3waas.gov.in/s380537a945c7aaa788ccfcdf1b99b5d8f/uploads/2022/12/2022122247.pdf,Exception,"HTTPSConnectionPool(host='cdnbbsr.s3waas.gov.in', port=443): Max retries exceeded with url: /s380537a945c7aaa788ccfcdf1b99b5d8f/uploads/2022/12/2022122247.pdf (Caused by NameResolutionError(""<urllib3.connection.HTTPSConnection object at 0x000001605EB88A90>: Failed to resolve 'cdnbbsr.s3waas.gov.in' ([Errno 11001] getaddrinfo failed)""))",merged_links_legislative.csv
https://cdnbbsr.s3waas.gov.in/s380537a945c7aaa788ccfcdf1b99b5d8f/uploads/2023/01/2023011826.pdf,Exception,"HTTPSConnectionPool(host='cdnbbsr.s3waas.gov.in', port=443): Max retries exceeded with url: /s380537a945c7aaa788ccfcdf1b99b5d8f/uploads/2023/01/2023011826.pdf (Caused by NameResolutionError(""<urllib3.connection.HTTPSConnection object at 0x000001605EB334D0>: Failed to resolve 'cdnbbsr.s3waas.gov.in' ([Errno 11001] getaddrinfo failed)""))",merged_links_legislative.csv
https://cdnbbsr.s3waas.gov.in/s380537a945c7aaa788ccfcdf1b99b5d8f/uploads/2023/01/2023011061.pdf,Exception,"HTTPSConnectionPool(host='cdnbbsr.s3waas.gov.in', port=443): Max retries exceeded with url: /s380537a945c7aaa788ccfcdf1b99b5d8f/uploads/2023/01/2023011061.pdf (Caused by NameResolutionError(""<urllib3.connection.HTTPSConnection object at 0x000001605EB9D890>: Failed to resolve 'cdnbbsr.s3waas.gov.in' ([Errno 11001] getaddrinfo failed)""))",merged_links_legislative.csv
https://cdnbbsr.s3waas.gov.in/s380537a945c7aaa788ccfcdf1b99b5d8f/uploads/2023/02/2023021082-2.pdf,Exception,"HTTPSConnectionPool(host='cdnbbsr.s3waas.gov.in', port=443): Max retries exceeded with url: /s380537a945c7aaa788ccfcdf1b99b5d8f/uploads/2023/02/2023021082-2.pdf (Caused by NameResolutionError(""<urllib3.connection.HTTPSConnection object at 0x000001605EB9F790>: Failed to resolve 'cdnbbsr.s3waas.gov.in' ([Errno 11001] getaddrinfo failed)""))",merged_links_legislative.csv
https://cdnbbsr.s3waas.gov.in/s380537a945c7aaa788ccfcdf1b99b5d8f/uploads/2023/02/2023021742-3.pdf,Exception,"HTTPSConnectionPool(host='cdnbbsr.s3waas.gov.in', port=443): Max retries exceeded with url: /s380537a945c7aaa788ccfcdf1b99b5d8f/uploads/2023/02/2023021742-3.pdf (Caused by NameResolutionError(""<urllib3.connection.HTTPSConnection object at 0x000001605EB9C410>: Failed to resolve 'cdnbbsr.s3waas.gov.in' ([Errno 11001] getaddrinfo failed)""))",merged_links_legislative.csv
https://cdnbbsr.s3waas.gov.in/s380537a945c7aaa788ccfcdf1b99b5d8f/uploads/2023/02/2023021779-7.pdf,Exception,"HTTPSConnectionPool(host='cdnbbsr.s3waas.gov.in', port=443): Max retries exceeded with url: /s380537a945c7aaa788ccfcdf1b99b5d8f/uploads/2023/02/2023021779-7.pdf (Caused by NameResolutionError(""<urllib3.connection.HTTPSConnection object at 0x000001605EBCB590>: Failed to resolve 'cdnbbsr.s3waas.gov.in' ([Errno 11001] getaddrinfo failed)""))",merged_links_legislative.csv
https://cdnbbsr.s3waas.gov.in/s380537a945c7aaa788ccfcdf1b99b5d8f/uploads/2023/01/2023012732-2.pdf,Exception,"HTTPSConnectionPool(host='cdnbbsr.s3waas.gov.in', port=443): Max retries exceeded with url: /s380537a945c7aaa788ccfcdf1b99b5d8f/uploads/2023/01/2023012732-2.pdf (Caused by NameResolutionError(""<urllib3.connection.HTTPSConnection object at 0x000001605EB321D0>: Failed to resolve 'cdnbbsr.s3waas.gov.in' ([Errno 11001] getaddrinfo failed)""))",merged_links_legislative.csv
https://cdnbbsr.s3waas.gov.in/s380537a945c7aaa788ccfcdf1b99b5d8f/uploads/2023/02/2023021056-1.pdf,Exception,"HTTPSConnectionPool(host='cdnbbsr.s3waas.gov.in', port=443): Max retries exceeded with url: /s380537a945c7aaa788ccfcdf1b99b5d8f/uploads/2023/02/2023021056-1.pdf (Caused by NameResolutionError(""<urllib3.connection.HTTPSConnection object at 0x000001605EB301D0>: Failed to resolve 'cdnbbsr.s3waas.gov.in' ([Errno 11001] getaddrinfo failed)""))",merged_links_legislative.csv
https://cdnbbsr.s3waas.gov.in/s380537a945c7aaa788ccfcdf1b99b5d8f/uploads/2023/01/2023011068.pdf,Exception,"HTTPSConnectionPool(host='cdnbbsr.s3waas.gov.in', port=443): Max retries exceeded with url: /s380537a945c7aaa788ccfcdf1b99b5d8f/uploads/2023/01/2023011068.pdf (Caused by NameResolutionError(""<urllib3.connection.HTTPSConnection object at 0x000001605EB9FB10>: Failed to resolve 'cdnbbsr.s3waas.gov.in' ([Errno 11001] getaddrinfo failed)""))",merged_links_legislative.csv
https://cdnbbsr.s3waas.gov.in/s380537a945c7aaa788ccfcdf1b99b5d8f/uploads/2025/03/20250320176048159.pdf,Exception,"HTTPSConnectionPool(host='cdnbbsr.s3waas.gov.in', port=443): Max retries exceeded with url: /s380537a945c7aaa788ccfcdf1b99b5d8f/uploads/2025/03/20250320176048159.pdf (Caused by NameResolutionError(""<urllib3.connection.HTTPSConnection object at 0x000001605EB9D010>: Failed to resolve 'cdnbbsr.s3waas.gov.in' ([Errno 11001] getaddrinfo failed)""))",merged_links_legislative.csv
https://cdnbbsr.s3waas.gov.in/s380537a945c7aaa788ccfcdf1b99b5d8f/uploads/2023/03/2023030621.pdf,Exception,"HTTPSConnectionPool(host='cdnbbsr.s3waas.gov.in', port=443): Max retries exceeded with url: /s380537a945c7aaa788ccfcdf1b99b5d8f/uploads/2023/03/2023030621.pdf (Caused by NameResolutionError(""<urllib3.connection.HTTPSConnection object at 0x000001605EB31290>: Failed to resolve 'cdnbbsr.s3waas.gov.in' ([Errno 11001] getaddrinfo failed)""))",merged_links_legislative.csv
https://cdnbbsr.s3waas.gov.in/s380537a945c7aaa788ccfcdf1b99b5d8f/uploads/2023/01/2023011956.pdf,Exception,"HTTPSConnectionPool(host='cdnbbsr.s3waas.gov.in', port=443): Max retries exceeded with url: /s380537a945c7aaa788ccfcdf1b99b5d8f/uploads/2023/01/2023011956.pdf (Caused by NameResolutionError(""<urllib3.connection.HTTPSConnection object at 0x000001605EB9CE10>: Failed to resolve 'cdnbbsr.s3waas.gov.in' ([Errno 11001] getaddrinfo failed)""))",merged_links_legislative.csv
https://cdnbbsr.s3waas.gov.in/s380537a945c7aaa788ccfcdf1b99b5d8f/uploads/2023/03/2023030631.pdf,Exception,"HTTPSConnectionPool(host='cdnbbsr.s3waas.gov.in', port=443): Max retries exceeded with url: /s380537a945c7aaa788ccfcdf1b99b5d8f/uploads/2023/03/2023030631.pdf (Caused by NameResolutionError(""<urllib3.connection.HTTPSConnection object at 0x000001605EBAA2D0>: Failed to resolve 'cdnbbsr.s3waas.gov.in' ([Errno 11001] getaddrinfo failed)""))",merged_links_legislative.csv
https://cdnbbsr.s3waas.gov.in/s380537a945c7aaa788ccfcdf1b99b5d8f/uploads/2023/02/2023022063.pdf,Exception,"HTTPSConnectionPool(host='cdnbbsr.s3waas.gov.in', port=443): Max retries exceeded with url: /s380537a945c7aaa788ccfcdf1b99b5d8f/uploads/2023/02/2023022063.pdf (Caused by NameResolutionError(""<urllib3.connection.HTTPSConnection object at 0x000001605EBAB350>: Failed to resolve 'cdnbbsr.s3waas.gov.in' ([Errno 11001] getaddrinfo failed)""))",merged_links_legislative.csv
https://cdnbbsr.s3waas.gov.in/s380537a945c7aaa788ccfcdf1b99b5d8f/uploads/2022/12/2022122082.pdf,Exception,"HTTPSConnectionPool(host='cdnbbsr.s3waas.gov.in', port=443): Max retries exceeded with url: /s380537a945c7aaa788ccfcdf1b99b5d8f/uploads/2022/12/2022122082.pdf (Caused by NameResolutionError(""<urllib3.connection.HTTPSConnection object at 0x000001605EBAB610>: Failed to resolve 'cdnbbsr.s3waas.gov.in' ([Errno 11001] getaddrinfo failed)""))",merged_links_legislative.csv
https://lddashboard.legislative.gov.in/sites/default/files/constitution_india_gujarati_18122017.pdf,Exception,"HTTPSConnectionPool(host='lddashboard.legislative.gov.in', port=443): Max retries exceeded with url: /sites/default/files/constitution_india_gujarati_18122017.pdf (Caused by NameResolutionError(""<urllib3.connection.HTTPSConnection object at 0x000001605EB8CB90>: Failed to resolve 'lddashboard.legislative.gov.in' ([Errno 11001] getaddrinfo failed)""))",merged_links_legislative.csv
https://lddashboard.legislative.gov.in/sites/default/files/legislative_references/ORDINANCE%201945_0.pdf,Exception,"HTTPSConnectionPool(host='lddashboard.legislative.gov.in', port=443): Max retries exceeded with url: /sites/default/files/legislative_references/ORDINANCE%201945_0.pdf (Caused by NameResolutionError(""<urllib3.connection.HTTPSConnection object at 0x000001605EB8C6D0>: Failed to resolve 'lddashboard.legislative.gov.in' ([Errno 11001] getaddrinfo failed)""))",merged_links_legislative.csv
https://lddashboard.legislative.gov.in/sites/default/files/legislative_references/1955-1967_0.pdf,Exception,"('Connection aborted.', RemoteDisconnected('Remote end closed connection without response'))",merged_links_legislative.csv
https://lddashboard.legislative.gov.in/sites/default/files/Beng-1-1872.pdf,404,HTTP error,merged_links_legislative.csv
https://www.indiacode.nic.in/repealedfileopen?rfilename=A1849-4.pdf,500,HTTP error,merged_links_indiaCode.csv
